Time,LF,HF,VLF,ULF,LF/HF,LF/(LF+HF),LFnorm,HFnorm,TotalPower
2024/01/28 14:38:08.886,206.4246,828.5111,0,0,0.2491512,0,0,0,0
2024/01/28 14:38:09.696,214.0603,832.25,0,0,0.2572067,0,0,0,0
2024/01/28 14:38:10.557,222.8769,837.7316,0,0,0.2660482,0,0,0,0
2024/01/28 14:38:11.439,231.8758,844.6635,0,0,0.2745186,0,0,0,0
2024/01/28 14:38:12.322,240.7058,852.8207,0,0,0.2822467,0,0,0,0
2024/01/28 14:38:13.139,248.9512,861.7459,0,0,0.2888916,0,0,0,0
2024/01/28 14:38:13.937,256.5799,871.3169,0,0,0.2944737,0,0,0,0
2024/01/28 14:38:14.777,263.3294,880.9348,0,0,0.2989204,0,0,0,0
2024/01/28 14:38:15.652,269.8666,891.4532,0,0,0.3027266,0,0,0,0
2024/01/28 14:38:16.536,276.2888,903.1189,0,0,0.3059274,0,0,0,0
2024/01/28 14:38:17.392,281.512,913.7546,0,0,0.3080827,0,0,0,0
2024/01/28 14:38:18.229,286.3842,924.6595,0,0,0.3097186,0,0,0,0
2024/01/28 14:38:19.089,290.1556,934.0032,0,0,0.3106581,0,0,0,0
2024/01/28 14:38:19.934,293.592,943.3784,0,0,0.3112134,0,0,0,0
2024/01/28 14:38:20.755,296.7824,952.573,0,0,0.3115586,0,0,0,0
2024/01/28 14:38:21.557,298.9874,959.1039,0,0,0.3117362,0,0,0,0
2024/01/28 14:38:22.397,301.3065,965.9983,0,0,0.3119121,0,0,0,0
2024/01/28 14:38:23.236,303.1958,971.3637,0,0,0.3121342,0,0,0,0
2024/01/28 14:38:24.053,304.6356,975.1033,0,0,0.3124136,0,0,0,0
2024/01/28 14:38:24.826,305.7636,977.3719,0,0,0.3128426,0,0,0,0
2024/01/28 14:38:25.627,306.7079,978.31,0,0,0.3135079,0,0,0,0
2024/01/28 14:38:26.444,307.3176,977.9169,0,0,0.3142574,0,0,0,0
2024/01/28 14:38:27.283,307.5995,975.639,0,0,0.31528,0,0,0,0
2024/01/28 14:38:28.068,307.3359,971.9509,0,0,0.3162052,0,0,0,0
2024/01/28 14:38:28.826,306.7005,967.5656,0,0,0.3169816,0,0,0,0
2024/01/28 14:38:29.630,305.2198,960.2717,0,0,0.3178474,0,0,0,0
2024/01/28 14:38:30.493,303.1296,951.9014,0,0,0.3184464,0,0,0,0
2024/01/28 14:38:31.394,299.753,940.3278,0,0,0.318775,0,0,0,0
2024/01/28 14:38:32.273,295.8369,927.9375,0,0,0.3188112,0,0,0,0
2024/01/28 14:38:33.076,291.5877,915.2551,0,0,0.3185862,0,0,0,0
2024/01/28 14:38:33.929,286.1039,899.3914,0,0,0.3181083,0,0,0,0
2024/01/28 14:38:34.784,280.6736,883.5802,0,0,0.3176549,0,0,0,0
2024/01/28 14:38:35.660,274.3325,864.4025,0,0,0.3173666,0,0,0,0
2024/01/28 14:38:36.501,269.1273,847.3059,0,0,0.3176271,0,0,0,0
2024/01/28 14:38:37.303,263.7783,827.5824,0,0,0.3187336,0,0,0,0
2024/01/28 14:38:38.125,259.4598,808.5808,0,0,0.320883,0,0,0,0
2024/01/28 14:38:38.941,256.217,790.6393,0,0,0.324063,0,0,0,0
2024/01/28 14:38:39.745,254.1056,771.3807,0,0,0.3294166,0,0,0,0
2024/01/28 14:38:40.517,253.022,753.7943,0,0,0.3356645,0,0,0,0
2024/01/28 14:38:41.296,253.5997,736.3493,0,0,0.3444014,0,0,0,0
2024/01/28 14:38:42.097,255.6268,720.618,0,0,0.3547328,0,0,0,0
2024/01/28 14:38:42.941,259.8764,703.6968,0,0,0.3693017,0,0,0,0
2024/01/28 14:38:43.777,266.3745,687.6893,0,0,0.3873472,0,0,0,0
2024/01/28 14:38:44.558,272.9841,676.043,0,0,0.4037969,0,0,0,0
2024/01/28 14:38:45.365,282.0614,663.9114,0,0,0.424848,0,0,0,0
2024/01/28 14:38:46.201,292.9628,652.8839,0,0,0.4487211,0,0,0,0
2024/01/28 14:38:47.042,305.5379,643.328,0,0,0.4749332,0,0,0,0
2024/01/28 14:38:47.845,317.9282,636.1989,0,0,0.4997309,0,0,0,0
2024/01/28 14:38:48.603,329.9059,630.9227,0,0,0.5228944,0,0,0,0
2024/01/28 14:38:49.407,343.5866,626.5679,0,0,0.5483629,0,0,0,0
2024/01/28 14:38:50.229,357.4578,623.5594,0,0,0.5732539,0,0,0,0
2024/01/28 14:38:51.067,371.9352,621.63,0,0,0.5983225,0,0,0,0
2024/01/28 14:38:51.895,385.0831,620.9526,0,0,0.620149,0,0,0,0
2024/01/28 14:38:52.659,397.6145,621.163,0,0,0.640113,0,0,0,0
2024/01/28 14:38:53.438,409.502,622.124,0,0,0.6582321,0,0,0,0
2024/01/28 14:38:54.260,419.7176,623.6185,0,0,0.6730359,0,0,0,0
2024/01/28 14:38:55.132,430.7832,625.8836,0,0,0.6882801,0,0,0,0
2024/01/28 14:38:55.976,440.2821,628.4965,0,0,0.7005324,0,0,0,0
2024/01/28 14:38:56.780,447.6914,631.0474,0,0,0.7094418,0,0,0,0
2024/01/28 14:38:57.557,453.6661,633.6478,0,0,0.7159595,0,0,0,0
2024/01/28 14:38:58.358,458.4784,636.3372,0,0,0.720496,0,0,0,0
2024/01/28 14:38:59.181,461.274,638.8456,0,0,0.722043,0,0,0,0
2024/01/28 14:39:00.003,461.9464,640.7276,0,0,0.7209716,0,0,0,0
2024/01/28 14:39:00.767,460.8193,642.4237,0,0,0.7173136,0,0,0,0
2024/01/28 14:39:01.501,457.7361,643.7612,0,0,0.7110341,0,0,0,0
2024/01/28 14:39:02.261,453.2316,644.6516,0,0,0.7030644,0,0,0,0
2024/01/28 14:39:03.038,446.4599,645.2753,0,0,0.6918907,0,0,0,0
2024/01/28 14:39:03.800,438.4922,645.5421,0,0,0.679262,0,0,0,0
2024/01/28 14:39:04.523,429.2778,645.5311,0,0,0.6649993,0,0,0,0
2024/01/28 14:39:05.243,419.7719,645.3503,0,0,0.6504559,0,0,0,0
2024/01/28 14:39:05.996,408.1032,645.0505,0,0,0.6326687,0,0,0,0
2024/01/28 14:39:06.739,396.0918,644.7982,0,0,0.614288,0,0,0,0
2024/01/28 14:39:07.498,382.7346,644.6156,0,0,0.5937408,0,0,0,0
2024/01/28 14:39:08.221,370.4048,644.6723,0,0,0.5745629,0,0,0,0
2024/01/28 14:39:08.917,356.5036,644.9468,0,0,0.5527643,0,0,0,0
2024/01/28 14:39:09.624,343.8187,645.4708,0,0,0.5326634,0,0,0,0
2024/01/28 14:39:10.364,331.1777,646.29,0,0,0.5124289,0,0,0,0
2024/01/28 14:39:11.141,318.1254,647.4575,0,0,0.4913456,0,0,0,0
2024/01/28 14:39:11.925,305.3959,649.0382,0,0,0.470536,0,0,0,0
2024/01/28 14:39:12.686,293.4562,651.0397,0,0,0.4507501,0,0,0,0
2024/01/28 14:39:13.404,283.3299,653.1062,0,0,0.433819,0,0,0,0
2024/01/28 14:39:14.146,272.9512,655.7906,0,0,0.4162171,0,0,0,0
2024/01/28 14:39:14.905,264.1965,658.5677,0,0,0.4011682,0,0,0,0
2024/01/28 14:39:15.685,255.9734,661.6843,0,0,0.3868512,0,0,0,0
2024/01/28 14:39:16.431,249.3089,664.6872,0,0,0.3750771,0,0,0,0
2024/01/28 14:39:17.143,242.6353,668.1869,0,0,0.3631249,0,0,0,0
2024/01/28 14:39:17.861,237.6017,671.146,0,0,0.3540238,0,0,0,0
2024/01/28 14:39:18.601,232.5651,674.3306,0,0,0.3448829,0,0,0,0
2024/01/28 14:39:19.346,227.9514,677.4148,0,0,0.3365019,0,0,0,0
2024/01/28 14:39:20.093,224.0426,680.0491,0,0,0.3294507,0,0,0,0
2024/01/28 14:39:20.824,220.7772,682.1655,0,0,0.3236416,0,0,0,0
2024/01/28 14:39:21.508,218.0714,683.7338,0,0,0.3189419,0,0,0,0
2024/01/28 14:39:22.245,215.8134,684.7107,0,0,0.3151892,0,0,0,0
2024/01/28 14:39:22.985,213.9184,685.055,0,0,0.3122645,0,0,0,0
2024/01/28 14:39:23.766,212.4577,684.3643,0,0,0.3104453,0,0,0,0
2024/01/28 14:39:24.547,211.7821,682.8614,0,0,0.3101392,0,0,0,0
2024/01/28 14:39:25.287,211.503,680.2881,0,0,0.3109021,0,0,0,0
2024/01/28 14:39:25.991,211.5424,676.9811,0,0,0.3124791,0,0,0,0
2024/01/28 14:39:26.748,211.9906,671.97,0,0,0.3154763,0,0,0,0
2024/01/28 14:39:27.530,212.7076,666.4555,0,0,0.3191625,0,0,0,0
2024/01/28 14:39:28.327,213.8019,659.5234,0,0,0.3241763,0,0,0,0
2024/01/28 14:39:29.125,214.9441,651.9348,0,0,0.3297018,0,0,0,0
2024/01/28 14:39:29.872,216.0851,642.9845,0,0,0.3360658,0,0,0,0
2024/01/28 14:39:30.579,216.8997,635.0294,0,0,0.3415585,0,0,0,0
2024/01/28 14:39:31.307,217.7519,624.8154,0,0,0.348506,0,0,0,0
2024/01/28 14:39:32.058,218.328,615.5032,0,0,0.3547146,0,0,0,0
2024/01/28 14:39:32.853,218.6823,604.8846,0,0,0.3615272,0,0,0,0
2024/01/28 14:39:33.668,218.5628,593.8252,0,0,0.3680591,0,0,0,0
2024/01/28 14:39:34.463,217.8722,582.1014,0,0,0.3742856,0,0,0,0
2024/01/28 14:39:35.242,216.766,572.0525,0,0,0.3789268,0,0,0,0
2024/01/28 14:39:36.043,215.0741,562.2482,0,0,0.3825252,0,0,0,0
2024/01/28 14:39:36.842,212.4603,552.5393,0,0,0.3845161,0,0,0,0
2024/01/28 14:39:37.608,209.2889,544.3044,0,0,0.3845071,0,0,0,0
2024/01/28 14:39:38.340,205.9552,537.8788,0,0,0.3829027,0,0,0,0
2024/01/28 14:39:39.062,202.22,532.4951,0,0,0.3797595,0,0,0,0
2024/01/28 14:39:39.803,198.1677,528.3012,0,0,0.3751036,0,0,0,0
2024/01/28 14:39:40.564,193.3397,524.9952,0,0,0.3682696,0,0,0,0
2024/01/28 14:39:41.317,188.3028,523.075,0,0,0.359992,0,0,0,0
2024/01/28 14:39:42.019,183.8061,522.5659,0,0,0.3517377,0,0,0,0
2024/01/28 14:39:42.700,179.4841,523.2009,0,0,0.3430501,0,0,0,0
2024/01/28 14:39:43.396,175.7694,524.7686,0,0,0.3349464,0,0,0,0
2024/01/28 14:39:44.099,171.93,527.7199,0,0,0.3257979,0,0,0,0
2024/01/28 14:39:44.835,168.9069,531.4558,0,0,0.3178192,0,0,0,0
2024/01/28 14:39:45.597,166.201,537.0909,0,0,0.3094466,0,0,0,0
2024/01/28 14:39:46.358,164.7798,543.2793,0,0,0.3033058,0,0,0,0
2024/01/28 14:39:47.101,164.5576,550.3645,0,0,0.2989975,0,0,0,0
2024/01/28 14:39:47.897,165.8547,558.8993,0,0,0.2967525,0,0,0,0
2024/01/28 14:39:48.755,169.1381,568.7995,0,0,0.2973598,0,0,0,0
2024/01/28 14:39:49.581,174.2205,578.5236,0,0,0.3011467,0,0,0,0
2024/01/28 14:39:50.359,181.6913,588.6463,0,0,0.3086595,0,0,0,0
2024/01/28 14:39:51.096,190.6036,597.7788,0,0,0.318853,0,0,0,0
2024/01/28 14:39:51.852,200.9688,606.2096,0,0,0.331517,0,0,0,0
2024/01/28 14:39:52.610,215.7454,615.8042,0,0,0.3503474,0,0,0,0
2024/01/28 14:39:53.373,231.7983,624.0975,0,0,0.3714137,0,0,0,0
2024/01/28 14:39:54.115,247.9912,630.8817,0,0,0.3930868,0,0,0,0
2024/01/28 14:39:54.831,267.2246,637.4554,0,0,0.4192053,0,0,0,0
2024/01/28 14:39:55.555,290.0258,643.5654,0,0,0.4506548,0,0,0,0
2024/01/28 14:39:56.308,314.1,648.5178,0,0,0.4843352,0,0,0,0
2024/01/28 14:39:57.087,342.4826,652.7192,0,0,0.5247013,0,0,0,0
2024/01/28 14:39:57.851,368.2103,655.2772,0,0,0.5619153,0,0,0,0
2024/01/28 14:39:58.603,400.6712,657.1252,0,0,0.6097334,0,0,0,0
2024/01/28 14:39:59.387,436.0481,657.6615,0,0,0.6630281,0,0,0,0
2024/01/28 14:40:00.170,468.6383,657.0164,0,0,0.7132825,0,0,0,0
2024/01/28 14:40:00.948,504.4756,655.234,0,0,0.7699167,0,0,0,0
2024/01/28 14:40:01.688,539.9578,652.5564,0,0,0.8274501,0,0,0,0
2024/01/28 14:40:02.411,577.3568,648.7924,0,0,0.8898945,0,0,0,0
2024/01/28 14:40:03.149,616.0606,643.9922,0,0,0.9566274,0,0,0,0
2024/01/28 14:40:03.902,653.9958,638.4453,0,0,1.024357,0,0,0,0
2024/01/28 14:40:04.647,689.6962,632.4413,0,0,1.09053,0,0,0,0
2024/01/28 14:40:05.403,724.5091,625.8389,0,0,1.157661,0,0,0,0
2024/01/28 14:40:06.126,759.8268,618.3312,0,0,1.228835,0,0,0,0
2024/01/28 14:40:06.826,788.7999,611.4685,0,0,1.290009,0,0,0,0
2024/01/28 14:40:07.548,821.1518,602.9173,0,0,1.361964,0,0,0,0
2024/01/28 14:40:08.300,849.9195,594.3386,0,0,1.430026,0,0,0,0
2024/01/28 14:40:09.086,878.7895,584.4881,0,0,1.50352,0,0,0,0
2024/01/28 14:40:09.877,904.682,574.1706,0,0,1.575633,0,0,0,0
2024/01/28 14:40:10.660,925.1318,564.5178,0,0,1.6388,0,0,0,0
2024/01/28 14:40:11.479,945.0708,552.9551,0,0,1.709127,0,0,0,0
2024/01/28 14:40:12.299,958.6937,542.5301,0,0,1.767079,0,0,0,0
2024/01/28 14:40:13.059,967.9224,532.4385,0,0,1.817904,0,0,0,0
2024/01/28 14:40:13.786,973.0812,523.0118,0,0,1.860534,0,0,0,0
2024/01/28 14:40:14.548,974.6546,512.1022,0,0,1.903242,0,0,0,0
2024/01/28 14:40:15.306,972.0595,502.3419,0,0,1.935056,0,0,0,0
2024/01/28 14:40:16.072,966.53,493.7564,0,0,1.957504,0,0,0,0
2024/01/28 14:40:16.828,957.1811,484.491,0,0,1.975643,0,0,0,0
2024/01/28 14:40:17.548,943.3189,474.5812,0,0,1.987687,0,0,0,0
2024/01/28 14:40:18.283,928.1404,465.986,0,0,1.991778,0,0,0,0
2024/01/28 14:40:19.043,909.9686,457.3423,0,0,1.989688,0,0,0,0
2024/01/28 14:40:19.826,889.353,448.9068,0,0,1.981153,0,0,0,0
2024/01/28 14:40:20.610,863.5935,439.4753,0,0,1.965056,0,0,0,0
2024/01/28 14:40:21.363,839.6721,431.5812,0,0,1.945572,0,0,0,0
2024/01/28 14:40:22.108,814.4393,423.7697,0,0,1.921891,0,0,0,0
2024/01/28 14:40:22.878,786.554,415.7045,0,0,1.892099,0,0,0,0
2024/01/28 14:40:23.666,759.795,408.2445,0,0,1.861127,0,0,0,0
2024/01/28 14:40:24.457,731.4747,400.6542,0,0,1.825701,0,0,0,0
2024/01/28 14:40:25.211,703.414,393.3141,0,0,1.788428,0,0,0,0
2024/01/28 14:40:25.948,677.4103,386.5468,0,0,1.752466,0,0,0,0
2024/01/28 14:40:26.728,650.0652,379.5133,0,0,1.712892,0,0,0,0
2024/01/28 14:40:27.515,625.4579,373.2325,0,0,1.675786,0,0,0,0
2024/01/28 14:40:28.315,601.3694,367.0705,0,0,1.638294,0,0,0,0
2024/01/28 14:40:29.092,578.4592,361.2204,0,0,1.601402,0,0,0,0
2024/01/28 14:40:29.817,559.8451,356.5009,0,0,1.570389,0,0,0,0
2024/01/28 14:40:30.581,539.3483,351.3611,0,0,1.535026,0,0,0,0
2024/01/28 14:40:31.360,523.3147,347.4879,0,0,1.505994,0,0,0,0
2024/01/28 14:40:32.159,506.1965,343.5568,0,0,1.4734,0,0,0,0
2024/01/28 14:40:32.915,493.6932,340.856,0,0,1.448392,0,0,0,0
2024/01/28 14:40:33.636,482.5065,338.6441,0,0,1.424819,0,0,0,0
2024/01/28 14:40:34.374,470.768,336.634,0,0,1.398457,0,0,0,0
2024/01/28 14:40:35.117,461.7789,335.4485,0,0,1.376602,0,0,0,0
2024/01/28 14:40:35.878,452.5387,334.6538,0,0,1.352259,0,0,0,0
2024/01/28 14:40:36.624,444.8406,334.361,0,0,1.33042,0,0,0,0
2024/01/28 14:40:37.347,436.5308,334.504,0,0,1.305009,0,0,0,0
2024/01/28 14:40:38.104,429.7761,334.9762,0,0,1.283005,0,0,0,0
2024/01/28 14:40:38.865,421.4401,335.9759,0,0,1.254376,0,0,0,0
2024/01/28 14:40:39.651,414.0794,337.1495,0,0,1.228177,0,0,0,0
2024/01/28 14:40:40.412,405.0501,338.8795,0,0,1.195263,0,0,0,0
2024/01/28 14:40:41.145,397.6059,340.4127,0,0,1.168011,0,0,0,0
2024/01/28 14:40:41.867,388.4758,342.367,0,0,1.134677,0,0,0,0
2024/01/28 14:40:42.595,379.3635,344.2864,0,0,1.101884,0,0,0,0
2024/01/28 14:40:43.336,368.4242,346.4738,0,0,1.063354,0,0,0,0
2024/01/28 14:40:44.107,356.3206,348.7169,0,0,1.021805,0,0,0,0
2024/01/28 14:40:44.834,345.0216,350.6228,0,0,0.984025,0,0,0,0
2024/01/28 14:40:45.552,332.4653,352.5414,0,0,0.9430533,0,0,0,0
2024/01/28 14:40:46.316,318.8262,354.3698,0,0,0.8996991,0,0,0,0
2024/01/28 14:40:47.098,304.6776,356.0295,0,0,0.8557652,0,0,0,0
2024/01/28 14:40:47.921,288.4619,357.6655,0,0,0.8065129,0,0,0,0
2024/01/28 14:40:48.739,272.7221,358.9922,0,0,0.7596882,0,0,0,0
2024/01/28 14:40:49.498,257.7285,360.0401,0,0,0.7158329,0,0,0,0
2024/01/28 14:40:50.259,243.4392,360.877,0,0,0.6745766,0,0,0,0
2024/01/28 14:40:51.021,228.4726,361.6145,0,0,0.6318127,0,0,0,0
2024/01/28 14:40:51.802,212.9769,362.2308,0,0,0.5879589,0,0,0,0
2024/01/28 14:40:52.579,199.7917,362.6065,0,0,0.5509876,0,0,0,0
2024/01/28 14:40:53.299,189.0324,362.8179,0,0,0.5210119,0,0,0,0
2024/01/28 14:40:54.002,177.5963,362.8979,0,0,0.4893836,0,0,0,0
2024/01/28 14:40:54.730,167.6367,362.8767,0,0,0.461966,0,0,0,0
2024/01/28 14:40:55.509,159.3019,362.7383,0,0,0.4391649,0,0,0,0
2024/01/28 14:40:56.304,151.3645,362.434,0,0,0.4176334,0,0,0,0
2024/01/28 14:40:57.089,145.221,362.0095,0,0,0.4011524,0,0,0,0
2024/01/28 14:40:57.843,141.5695,361.5931,0,0,0.3915159,0,0,0,0
2024/01/28 14:40:58.549,139.383,361.1802,0,0,0.3859099,0,0,0,0
2024/01/28 14:40:59.270,138.439,360.6954,0,0,0.3838113,0,0,0,0
2024/01/28 14:41:00.011,139.2134,360.2236,0,0,0.3864639,0,0,0,0
2024/01/28 14:41:00.770,141.893,359.8605,0,0,0.3943,0,0,0,0
2024/01/28 14:41:01.550,145.9074,359.6644,0,0,0.4056766,0,0,0,0
2024/01/28 14:41:02.291,151.3478,359.6543,0,0,0.4208147,0,0,0,0
2024/01/28 14:41:03.040,157.8957,359.9379,0,0,0.4386749,0,0,0,0
2024/01/28 14:41:03.796,165.7232,360.581,0,0,0.4596005,0,0,0,0
2024/01/28 14:41:04.541,174.7442,361.6421,0,0,0.4831964,0,0,0,0
2024/01/28 14:41:05.256,184.5068,363.2286,0,0,0.5079633,0,0,0,0
2024/01/28 14:41:05.942,193.6774,365.0587,0,0,0.5305376,0,0,0,0
2024/01/28 14:41:06.643,204.1622,367.6668,0,0,0.5552914,0,0,0,0
2024/01/28 14:41:07.380,214.5619,370.7952,0,0,0.5786534,0,0,0,0
2024/01/28 14:41:08.145,225.3789,374.6981,0,0,0.6014947,0,0,0,0
2024/01/28 14:41:08.948,238.0631,380.171,0,0,0.6262002,0,0,0,0
2024/01/28 14:41:09.687,249.5179,386.1223,0,0,0.6462147,0,0,0,0
2024/01/28 14:41:10.408,259.2559,392.0555,0,0,0.6612734,0,0,0,0
2024/01/28 14:41:11.149,268.3734,398.5658,0,0,0.6733478,0,0,0,0
2024/01/28 14:41:11.906,278.5057,407.1555,0,0,0.6840277,0,0,0,0
2024/01/28 14:41:12.674,286.5188,415.445,0,0,0.6896673,0,0,0,0
2024/01/28 14:41:13.429,293.9513,424.9152,0,0,0.6917881,0,0,0,0
2024/01/28 14:41:14.132,300.049,434.5677,0,0,0.6904538,0,0,0,0
2024/01/28 14:41:14.837,304.6735,443.8652,0,0,0.6864101,0,0,0,0
2024/01/28 14:41:15.557,308.8788,454.9119,0,0,0.678986,0,0,0,0
2024/01/28 14:41:16.295,311.9125,466.4802,0,0,0.6686511,0,0,0,0
2024/01/28 14:41:17.036,313.7068,478.0734,0,0,0.6561896,0,0,0,0
2024/01/28 14:41:17.741,314.349,487.6994,0,0,0.6445548,0,0,0,0
2024/01/28 14:41:18.433,314.086,499.0416,0,0,0.6293785,0,0,0,0
2024/01/28 14:41:19.154,312.6736,510.6851,0,0,0.6122629,0,0,0,0
2024/01/28 14:41:19.909,310.4882,520.9178,0,0,0.5960406,0,0,0,0
2024/01/28 14:41:20.692,307.0233,532.3287,0,0,0.5767551,0,0,0,0
2024/01/28 14:41:21.437,302.7909,542.8421,0,0,0.5577881,0,0,0,0
2024/01/28 14:41:22.162,297.8502,552.5366,0,0,0.5390596,0,0,0,0
2024/01/28 14:41:22.848,292.5283,561.1321,0,0,0.5213181,0,0,0,0
2024/01/28 14:41:23.544,286.9929,568.6851,0,0,0.5046605,0,0,0,0
2024/01/28 14:41:24.245,280.9275,575.7451,0,0,0.4879373,0,0,0,0
2024/01/28 14:41:24.919,274.435,582.1709,0,0,0.4713994,0,0,0,0
2024/01/28 14:41:25.597,268.071,587.5202,0,0,0.4562754,0,0,0,0
2024/01/28 14:41:26.317,260.7531,592.6766,0,0,0.4399584,0,0,0,0
2024/01/28 14:41:27.060,252.9608,597.0464,0,0,0.4236869,0,0,0,0
2024/01/28 14:41:27.836,245.1185,600.3744,0,0,0.4082761,0,0,0,0
2024/01/28 14:41:28.612,238.2396,602.4315,0,0,0.3954633,0,0,0,0
2024/01/28 14:41:29.333,230.807,603.7372,0,0,0.3822972,0,0,0,0
2024/01/28 14:41:30.059,224.1671,604.0776,0,0,0.3710898,0,0,0,0
2024/01/28 14:41:30.819,217.6073,603.5122,0,0,0.3605682,0,0,0,0
2024/01/28 14:41:31.595,211.5164,602.0156,0,0,0.351347,0,0,0,0
2024/01/28 14:41:32.379,206.0732,599.5394,0,0,0.3437192,0,0,0,0
2024/01/28 14:41:33.139,201.7869,596.3864,0,0,0.3383493,0,0,0,0
2024/01/28 14:41:33.898,198.5806,592.6941,0,0,0.3350474,0,0,0,0
2024/01/28 14:41:34.698,196.0262,587.6911,0,0,0.3335531,0,0,0,0
2024/01/28 14:41:35.500,194.9307,582.6921,0,0,0.3345347,0,0,0,0
2024/01/28 14:41:36.262,194.9518,577.0927,0,0,0.3378171,0,0,0,0
2024/01/28 14:41:37.004,196.1691,571.2189,0,0,0.3434219,0,0,0,0
2024/01/28 14:41:37.805,198.8605,564.3172,0,0,0.3523913,0,0,0,0
2024/01/28 14:41:38.618,203.1822,556.8322,0,0,0.3648895,0,0,0,0
2024/01/28 14:41:39.403,208.2359,549.8838,0,0,0.3786906,0,0,0,0
2024/01/28 14:41:40.139,213.6712,543.4999,0,0,0.3931394,0,0,0,0
2024/01/28 14:41:40.859,220.5401,536.4505,0,0,0.4111098,0,0,0,0
2024/01/28 14:41:41.598,227.9538,529.5908,0,0,0.4304339,0,0,0,0
2024/01/28 14:41:42.325,235.9109,522.981,0,0,0.4510888,0,0,0,0
2024/01/28 14:41:43.027,244.4924,516.4497,0,0,0.4734099,0,0,0,0
2024/01/28 14:41:43.742,253.6908,509.9733,0,0,0.4974589,0,0,0,0
2024/01/28 14:41:44.501,262.3373,504.4544,0,0,0.5200417,0,0,0,0
2024/01/28 14:41:45.293,273.2988,498.0035,0,0,0.5487888,0,0,0,0
2024/01/28 14:41:46.111,284.3181,492.1992,0,0,0.5776485,0,0,0,0
2024/01/28 14:41:46.859,294.6268,487.3674,0,0,0.6045271,0,0,0,0
2024/01/28 14:41:47.578,303.7808,483.5796,0,0,0.6281918,0,0,0,0
2024/01/28 14:41:48.332,314.6772,479.6737,0,0,0.6560235,0,0,0,0
2024/01/28 14:41:49.100,323.9497,476.924,0,0,0.679248,0,0,0,0
2024/01/28 14:41:49.848,333.414,474.7529,0,0,0.7022895,0,0,0,0
2024/01/28 14:41:50.567,342.6546,473.1781,0,0,0.7241556,0,0,0,0
2024/01/28 14:41:51.267,350.4083,472.3745,0,0,0.7418019,0,0,0,0
2024/01/28 14:41:52.000,358.1182,472.0659,0,0,0.758619,0,0,0,0
2024/01/28 14:41:52.741,366.3915,472.3135,0,0,0.7757379,0,0,0,0
2024/01/28 14:41:53.485,373.4802,473.1001,0,0,0.7894315,0,0,0,0
2024/01/28 14:41:54.240,380.7017,474.5967,0,0,0.8021583,0,0,0,0
2024/01/28 14:41:54.945,386.7659,476.4556,0,0,0.8117565,0,0,0,0
2024/01/28 14:41:55.659,391.9872,478.6508,0,0,0.8189419,0,0,0,0
2024/01/28 14:41:56.399,396.8261,481.297,0,0,0.8244933,0,0,0,0
2024/01/28 14:41:57.144,401.5817,484.7261,0,0,0.8284714,0,0,0,0
2024/01/28 14:41:57.915,405.4402,488.3557,0,0,0.830215,0,0,0,0
2024/01/28 14:41:58.661,408.7604,492.5843,0,0,0.8298283,0,0,0,0
2024/01/28 14:41:59.378,411.0677,496.6109,0,0,0.8277461,0,0,0,0
2024/01/28 14:42:00.117,412.7759,500.8304,0,0,0.824183,0,0,0,0
2024/01/28 14:42:00.858,413.7609,504.6911,0,0,0.8198299,0,0,0,0
2024/01/28 14:42:01.612,414.2201,509.1803,0,0,0.8135036,0,0,0,0
2024/01/28 14:42:02.333,413.9904,513.3177,0,0,0.8064993,0,0,0,0
2024/01/28 14:42:03.015,413.1876,517.0083,0,0,0.7991894,0,0,0,0
2024/01/28 14:42:03.733,411.9638,520.1682,0,0,0.7919818,0,0,0,0
2024/01/28 14:42:04.460,409.9785,523.4621,0,0,0.7832057,0,0,0,0
2024/01/28 14:42:05.215,407.5384,526.2105,0,0,0.7744778,0,0,0,0
2024/01/28 14:42:05.952,404.3399,528.5045,0,0,0.7650644,0,0,0,0
2024/01/28 14:42:06.652,400.9675,529.8659,0,0,0.756734,0,0,0,0
2024/01/28 14:42:07.355,397.0287,530.5677,0,0,0.7483092,0,0,0,0
2024/01/28 14:42:08.091,392.3118,530.5695,0,0,0.7394164,0,0,0,0
2024/01/28 14:42:08.852,386.8061,529.7585,0,0,0.7301555,0,0,0,0
2024/01/28 14:42:09.596,381.2363,528.2585,0,0,0.7216852,0,0,0,0
2024/01/28 14:42:10.333,374.8575,525.873,0,0,0.712829,0,0,0,0
2024/01/28 14:42:11.107,368.1121,522.7816,0,0,0.7041413,0,0,0,0
2024/01/28 14:42:11.911,358.9444,517.9644,0,0,0.6929904,0,0,0,0
2024/01/28 14:42:12.733,350.4165,513.0942,0,0,0.6829477,0,0,0,0
2024/01/28 14:42:13.493,341.3753,507.6401,0,0,0.672475,0,0,0,0
2024/01/28 14:42:14.254,331.0988,501.2059,0,0,0.6606043,0,0,0,0
2024/01/28 14:42:15.032,321.6076,495.0885,0,0,0.6495962,0,0,0,0
2024/01/28 14:42:15.797,310.128,487.4989,0,0,0.6361614,0,0,0,0
2024/01/28 14:42:16.550,299.4959,480.2623,0,0,0.623609,0,0,0,0
2024/01/28 14:42:17.252,288.7119,472.807,0,0,0.6106338,0,0,0,0
2024/01/28 14:42:17.964,278.4246,465.5005,0,0,0.5981188,0,0,0,0
2024/01/28 14:42:18.687,268.3862,458.1279,0,0,0.5858325,0,0,0,0
2024/01/28 14:42:19.442,258.2636,450.3758,0,0,0.5734402,0,0,0,0
2024/01/28 14:42:20.187,248.1756,442.1889,0,0,0.5612434,0,0,0,0
2024/01/28 14:42:20.964,238.5113,433.8469,0,0,0.5497592,0,0,0,0
2024/01/28 14:42:21.705,230.1462,426.0413,0,0,0.5401969,0,0,0,0
2024/01/28 14:42:22.445,222.9363,418.5732,0,0,0.53261,0,0,0,0
2024/01/28 14:42:23.205,216.2721,410.6344,0,0,0.526678,0,0,0,0
2024/01/28 14:42:23.983,210.9997,402.8812,0,0,0.5237269,0,0,0,0
2024/01/28 14:42:24.747,207.3574,395.4012,0,0,0.5244228,0,0,0,0
2024/01/28 14:42:25.485,205.6985,389.3242,0,0,0.5283477,0,0,0,0
2024/01/28 14:42:26.183,205.4066,383.5057,0,0,0.5356024,0,0,0,0
2024/01/28 14:42:26.900,206.6616,377.6203,0,0,0.5472735,0,0,0,0
2024/01/28 14:42:27.640,209.6135,371.9443,0,0,0.5635615,0,0,0,0
2024/01/28 14:42:28.384,214.4748,366.3691,0,0,0.5854064,0,0,0,0
2024/01/28 14:42:29.123,221.0879,361.1665,0,0,0.6121496,0,0,0,0
2024/01/28 14:42:29.841,228.6322,356.7221,0,0,0.6409252,0,0,0,0
2024/01/28 14:42:30.567,237.5458,352.5459,0,0,0.6738012,0,0,0,0
2024/01/28 14:42:31.347,248.0931,348.4216,0,0,0.7120485,0,0,0,0
2024/01/28 14:42:32.142,259.8803,344.5678,0,0,0.7542211,0,0,0,0
2024/01/28 14:42:32.958,272.6211,340.9659,0,0,0.7995553,0,0,0,0
2024/01/28 14:42:33.723,285.5609,337.6822,0,0,0.8456498,0,0,0,0
2024/01/28 14:42:34.463,298.9544,334.5997,0,0,0.8934689,0,0,0,0
2024/01/28 14:42:35.238,313.2169,331.5222,0,0,0.9447842,0,0,0,0
2024/01/28 14:42:35.988,325.6406,328.9312,0,0,0.989996,0,0,0,0
2024/01/28 14:42:36.742,338.7675,326.2481,0,0,1.038374,0,0,0,0
2024/01/28 14:42:37.451,351.1107,323.6633,0,0,1.084802,0,0,0,0
2024/01/28 14:42:38.163,362.1096,321.321,0,0,1.12694,0,0,0,0
2024/01/28 14:42:38.884,372.55,318.9987,0,0,1.167873,0,0,0,0
2024/01/28 14:42:39.620,383.0776,316.5434,0,0,1.21019,0,0,0,0
2024/01/28 14:42:40.381,391.9339,314.3412,0,0,1.246842,0,0,0,0
2024/01/28 14:42:41.137,399.6277,312.2634,0,0,1.279777,0,0,0,0
2024/01/28 14:42:41.861,406.4776,310.1757,0,0,1.310475,0,0,0,0
2024/01/28 14:42:42.595,412.0708,308.2304,0,0,1.336892,0,0,0,0
2024/01/28 14:42:43.358,417.0744,306.1783,0,0,1.362194,0,0,0,0
2024/01/28 14:42:44.133,420.4445,304.4485,0,0,1.381004,0,0,0,0
2024/01/28 14:42:44.899,422.9589,302.6948,0,0,1.397311,0,0,0,0
2024/01/28 14:42:45.637,424.3833,301.0402,0,0,1.409723,0,0,0,0
2024/01/28 14:42:46.353,424.7853,299.6682,0,0,1.417519,0,0,0,0
2024/01/28 14:42:47.093,424.441,298.4115,0,0,1.422335,0,0,0,0
2024/01/28 14:42:47.838,423.4962,297.3361,0,0,1.424301,0,0,0,0
2024/01/28 14:42:48.598,421.9313,296.386,0,0,1.423587,0,0,0,0
2024/01/28 14:42:49.315,419.8078,295.6177,0,0,1.420104,0,0,0,0
2024/01/28 14:42:49.999,417.6706,295.1528,0,0,1.4151,0,0,0,0
2024/01/28 14:42:50.696,415.0551,294.7955,0,0,1.407942,0,0,0,0
2024/01/28 14:42:51.428,412.2983,294.6083,0,0,1.39948,0,0,0,0
2024/01/28 14:42:52.168,409.2888,294.5583,0,0,1.3895,0,0,0,0
2024/01/28 14:42:52.944,405.6464,294.7018,0,0,1.376464,0,0,0,0
2024/01/28 14:42:53.667,402.8309,294.9187,0,0,1.365905,0,0,0,0
2024/01/28 14:42:54.368,399.5282,295.3095,0,0,1.352914,0,0,0,0
2024/01/28 14:42:55.090,396.4141,295.7758,0,0,1.340252,0,0,0,0
2024/01/28 14:42:55.845,393.2138,296.3653,0,0,1.326788,0,0,0,0
2024/01/28 14:42:56.624,389.449,297.192,0,0,1.310429,0,0,0,0
2024/01/28 14:42:57.427,386.0136,298.0554,0,0,1.295107,0,0,0,0
2024/01/28 14:42:58.181,382.4247,299.0873,0,0,1.278639,0,0,0,0
2024/01/28 14:42:58.908,378.7919,300.2046,0,0,1.261779,0,0,0,0
2024/01/28 14:42:59.682,374.6387,301.599,0,0,1.242175,0,0,0,0
2024/01/28 14:43:00.445,370.6727,303.0323,0,0,1.223212,0,0,0,0
2024/01/28 14:43:01.200,366.3863,304.6305,0,0,1.202724,0,0,0,0
2024/01/28 14:43:01.915,361.7719,306.4628,0,0,1.180476,0,0,0,0
2024/01/28 14:43:02.613,357.6867,308.1338,0,0,1.160816,0,0,0,0
2024/01/28 14:43:03.355,352.1967,310.4944,0,0,1.134309,0,0,0,0
2024/01/28 14:43:04.085,346.787,312.9261,0,0,1.108207,0,0,0,0
2024/01/28 14:43:04.811,340.8998,315.6732,0,0,1.079914,0,0,0,0
2024/01/28 14:43:05.502,335.3091,318.4115,0,0,1.053068,0,0,0,0
2024/01/28 14:43:06.161,328.6728,321.7873,0,0,1.021398,0,0,0,0
2024/01/28 14:43:06.837,323.1031,324.7816,0,0,0.9948318,0,0,0,0
2024/01/28 14:43:07.535,316.4397,328.5659,0,0,0.9630936,0,0,0,0
2024/01/28 14:43:08.249,309.3469,332.8525,0,0,0.9293815,0,0,0,0
2024/01/28 14:43:08.947,302.9457,337.0353,0,0,0.8988546,0,0,0,0
2024/01/28 14:43:09.624,295.8109,342.0751,0,0,0.8647543,0,0,0,0
2024/01/28 14:43:10.320,289.3437,347.1215,0,0,0.8335516,0,0,0,0
2024/01/28 14:43:11.035,282.8931,352.7571,0,0,0.8019487,0,0,0,0
2024/01/28 14:43:11.758,277.4617,358.1163,0,0,0.774781,0,0,0,0
2024/01/28 14:43:12.466,272.4151,363.8938,0,0,0.7486115,0,0,0,0
2024/01/28 14:43:13.148,267.9788,369.984,0,0,0.7242983,0,0,0,0
2024/01/28 14:43:13.838,264.6452,375.616,0,0,0.7045631,0,0,0,0
2024/01/28 14:43:14.525,262.0339,381.3,0,0,0.687212,0,0,0,0
2024/01/28 14:43:15.237,259.9373,387.9214,0,0,0.6700771,0,0,0,0
2024/01/28 14:43:15.940,259.0077,393.4535,0,0,0.6582931,0,0,0,0
2024/01/28 14:43:16.613,258.8307,398.7928,0,0,0.6490357,0,0,0,0
2024/01/28 14:43:17.292,259.4308,404.2432,0,0,0.6417692,0,0,0,0
2024/01/28 14:43:17.966,260.808,409.4034,0,0,0.6370441,0,0,0,0
2024/01/28 14:43:18.677,262.8274,414.0121,0,0,0.6348301,0,0,0,0
2024/01/28 14:43:19.379,265.1312,417.6718,0,0,0.6347834,0,0,0,0
2024/01/28 14:43:20.093,268.3925,421.4922,0,0,0.6367673,0,0,0,0
2024/01/28 14:43:20.772,271.5494,424.1435,0,0,0.6402299,0,0,0,0
2024/01/28 14:43:21.468,275.5246,426.5302,0,0,0.6459674,0,0,0,0
2024/01/28 14:43:22.186,278.8592,427.7728,0,0,0.6518861,0,0,0,0
2024/01/28 14:43:22.891,282.633,428.3672,0,0,0.6597914,0,0,0,0
2024/01/28 14:43:23.589,285.8165,428.0994,0,0,0.6676404,0,0,0,0
2024/01/28 14:43:24.253,288.7583,427.0206,0,0,0.6762162,0,0,0,0
2024/01/28 14:43:24.930,291.1508,425.1488,0,0,0.684821,0,0,0,0
2024/01/28 14:43:25.597,293.3099,422.1534,0,0,0.6947945,0,0,0,0
2024/01/28 14:43:26.269,294.527,419.003,0,0,0.7029233,0,0,0,0
2024/01/28 14:43:26.928,295.2395,414.4007,0,0,0.7124494,0,0,0,0
2024/01/28 14:43:27.572,295.1681,409.8957,0,0,0.7201052,0,0,0,0
2024/01/28 14:43:28.224,294.3597,404.449,0,0,0.7278043,0,0,0,0
2024/01/28 14:43:28.881,292.8969,398.3758,0,0,0.7352276,0,0,0,0
2024/01/28 14:43:29.547,290.2361,390.6527,0,0,0.7429516,0,0,0,0
2024/01/28 14:43:30.244,286.8725,382.4886,0,0,0.7500157,0,0,0,0
2024/01/28 14:43:30.944,283.2914,374.8884,0,0,0.7556686,0,0,0,0
2024/01/28 14:43:31.612,278.6649,366.145,0,0,0.7610781,0,0,0,0
2024/01/28 14:43:32.289,273.3523,356.8151,0,0,0.7660893,0,0,0,0
2024/01/28 14:43:32.991,267.4011,346.8401,0,0,0.7709635,0,0,0,0
2024/01/28 14:43:33.708,261.2358,336.7962,0,0,0.7756497,0,0,0,0
2024/01/28 14:43:34.429,254.2048,325.5492,0,0,0.780849,0,0,0,0
2024/01/28 14:43:35.112,248.2962,316.0956,0,0,0.7855099,0,0,0,0
2024/01/28 14:43:35.787,241.9838,306.0181,0,0,0.7907498,0,0,0,0
2024/01/28 14:43:36.452,236.0107,296.3643,0,0,0.7963533,0,0,0,0
2024/01/28 14:43:37.130,230.0453,286.6854,0,0,0.8024312,0,0,0,0
2024/01/28 14:43:37.827,223.75,276.3656,0,0,0.8096159,0,0,0,0
2024/01/28 14:43:38.533,217.6374,266.2261,0,0,0.8174909,0,0,0,0
2024/01/28 14:43:39.213,211.7352,256.2129,0,0,0.8264032,0,0,0,0
2024/01/28 14:43:39.891,206.7818,247.6478,0,0,0.8349834,0,0,0,0
2024/01/28 14:43:40.590,201.2867,237.8245,0,0,0.8463665,0,0,0,0
2024/01/28 14:43:41.310,196.8443,229.7437,0,0,0.8567997,0,0,0,0
2024/01/28 14:43:42.045,192.3213,221.3263,0,0,0.8689488,0,0,0,0
2024/01/28 14:43:42.729,188.1594,213.313,0,0,0.8820814,0,0,0,0
2024/01/28 14:43:43.408,184.8001,206.5548,0,0,0.8946782,0,0,0,0
2024/01/28 14:43:44.123,181.6452,199.9396,0,0,0.9085004,0,0,0,0
2024/01/28 14:43:44.844,178.6083,193.2426,0,0,0.9242699,0,0,0,0
2024/01/28 14:43:45.567,176.4079,188.0422,0,0,0.9381297,0,0,0,0
2024/01/28 14:43:46.252,174.4088,182.8542,0,0,0.9538137,0,0,0,0
2024/01/28 14:43:46.951,173.0908,178.995,0,0,0.9670147,0,0,0,0
2024/01/28 14:43:47.667,171.9181,174.897,0,0,0.9829677,0,0,0,0
2024/01/28 14:43:48.371,171.1616,171.3705,0,0,0.9987811,0,0,0,0
2024/01/28 14:43:49.079,170.8191,168.7488,0,0,1.012269,0,0,0,0
2024/01/28 14:43:49.763,170.7532,166.421,0,0,1.026032,0,0,0,0
2024/01/28 14:43:50.459,170.9326,164.6782,0,0,1.037979,0,0,0,0
2024/01/28 14:43:51.182,171.2793,163.3903,0,0,1.048283,0,0,0,0
2024/01/28 14:43:51.907,171.7407,162.5534,0,0,1.056518,0,0,0,0
2024/01/28 14:43:52.650,172.2429,162.2109,0,0,1.061846,0,0,0,0
2024/01/28 14:43:53.365,172.6982,162.379,0,0,1.06355,0,0,0,0
2024/01/28 14:43:54.043,172.961,162.8807,0,0,1.061887,0,0,0,0
2024/01/28 14:43:54.757,173.0486,163.8213,0,0,1.056326,0,0,0,0
2024/01/28 14:43:55.482,172.8356,165.1797,0,0,1.046349,0,0,0,0
2024/01/28 14:43:56.227,172.2202,167.0029,0,0,1.031241,0,0,0,0
2024/01/28 14:43:56.956,171.1186,169.2728,0,0,1.010904,0,0,0,0
2024/01/28 14:43:57.652,169.6942,171.6204,0,0,0.9887764,0,0,0,0
2024/01/28 14:43:58.366,167.9395,174.0273,0,0,0.965018,0,0,0,0
2024/01/28 14:43:59.085,165.4473,176.9323,0,0,0.9350882,0,0,0,0
2024/01/28 14:43:59.806,162.237,180.2416,0,0,0.9001087,0,0,0,0
2024/01/28 14:44:00.526,158.9973,183.2184,0,0,0.8678021,0,0,0,0
2024/01/28 14:44:01.212,154.7763,186.7466,0,0,0.828804,0,0,0,0
2024/01/28 14:44:01.893,151.0505,189.596,0,0,0.7966964,0,0,0,0
2024/01/28 14:44:02.577,146.1727,193.0259,0,0,0.7572694,0,0,0,0
2024/01/28 14:44:03.267,141.0371,196.3637,0,0,0.7182442,0,0,0,0
2024/01/28 14:44:03.976,135.2952,199.8139,0,0,0.6771063,0,0,0,0
2024/01/28 14:44:04.692,129.3906,203.1119,0,0,0.6370409,0,0,0,0
2024/01/28 14:44:05.403,124.1788,205.8144,0,0,0.6033535,0,0,0,0
2024/01/28 14:44:06.095,118.2241,208.7079,0,0,0.5664574,0,0,0,0
2024/01/28 14:44:06.820,111.639,211.6502,0,0,0.5274691,0,0,0,0
2024/01/28 14:44:07.514,105.8161,214.065,0,0,0.4943177,0,0,0,0
2024/01/28 14:44:08.209,99.90809,216.315,0,0,0.461864,0,0,0,0
2024/01/28 14:44:08.881,94.0411,218.3395,0,0,0.4307105,0,0,0,0
2024/01/28 14:44:09.541,89.31224,219.8145,0,0,0.4063073,0,0,0,0
2024/01/28 14:44:10.217,84.20089,221.2362,0,0,0.3805926,0,0,0,0
2024/01/28 14:44:10.918,79.25518,222.3976,0,0,0.356367,0,0,0,0
2024/01/28 14:44:11.636,73.94268,223.3561,0,0,0.3310528,0,0,0,0
2024/01/28 14:44:12.339,70.29705,223.8202,0,0,0.3140782,0,0,0,0
2024/01/28 14:44:13.025,66.57671,224.0499,0,0,0.2971513,0,0,0,0
2024/01/28 14:44:13.724,63.44228,223.9542,0,0,0.2832824,0,0,0,0
2024/01/28 14:44:14.443,60.37601,223.5225,0,0,0.2701115,0,0,0,0
2024/01/28 14:44:15.180,58.21687,222.8637,0,0,0.2612218,0,0,0,0
2024/01/28 14:44:15.901,56.48457,221.8903,0,0,0.2545608,0,0,0,0
2024/01/28 14:44:16.582,55.2966,220.6917,0,0,0.2505604,0,0,0,0
2024/01/28 14:44:17.282,54.62584,219.355,0,0,0.2490294,0,0,0,0
2024/01/28 14:44:17.987,54.40015,217.5691,0,0,0.2500362,0,0,0,0
2024/01/28 14:44:18.706,54.69533,215.7074,0,0,0.2535626,0,0,0,0
2024/01/28 14:44:19.412,55.4468,213.6977,0,0,0.2594637,0,0,0,0
2024/01/28 14:44:20.093,56.60317,211.5789,0,0,0.2675275,0,0,0,0
2024/01/28 14:44:20.768,57.94101,209.6403,0,0,0.2763829,0,0,0,0
2024/01/28 14:44:21.449,59.74313,207.4339,0,0,0.2880105,0,0,0,0
2024/01/28 14:44:22.139,61.8967,205.1486,0,0,0.3017164,0,0,0,0
2024/01/28 14:44:22.840,64.40523,202.8148,0,0,0.3175569,0,0,0,0
2024/01/28 14:44:23.537,67.121,200.5493,0,0,0.3346857,0,0,0,0
2024/01/28 14:44:24.236,70.03,198.3706,0,0,0.353026,0,0,0,0
2024/01/28 14:44:24.900,72.95028,196.3488,0,0,0.3715341,0,0,0,0
2024/01/28 14:44:25.585,76.05697,194.3985,0,0,0.3912425,0,0,0,0
2024/01/28 14:44:26.283,79.58792,192.3933,0,0,0.4136731,0,0,0,0
2024/01/28 14:44:27.001,82.81972,190.6849,0,0,0.4343277,0,0,0,0
2024/01/28 14:44:27.685,86.48684,188.9412,0,0,0.4577447,0,0,0,0
2024/01/28 14:44:28.365,89.66547,187.518,0,0,0.4781699,0,0,0,0
2024/01/28 14:44:29.025,92.79562,186.2729,0,0,0.4981702,0,0,0,0
2024/01/28 14:44:29.703,95.86853,185.1279,0,0,0.5178504,0,0,0,0
2024/01/28 14:44:30.387,98.93658,184.1093,0,0,0.5373797,0,0,0,0
2024/01/28 14:44:31.070,101.8558,183.2429,0,0,0.5558509,0,0,0,0
2024/01/28 14:44:31.750,104.455,182.5544,0,0,0.5721858,0,0,0,0
2024/01/28 14:44:32.429,106.8745,181.9871,0,0,0.5872639,0,0,0,0
2024/01/28 14:44:33.113,109.1426,181.505,0,0,0.6013201,0,0,0,0
2024/01/28 14:44:33.821,111.1673,181.1224,0,0,0.6137688,0,0,0,0
2024/01/28 14:44:34.541,112.8656,180.8354,0,0,0.6241347,0,0,0,0
2024/01/28 14:44:35.239,114.1396,180.6459,0,0,0.6318415,0,0,0,0
2024/01/28 14:44:35.917,115.0751,180.5077,0,0,0.6375079,0,0,0,0
2024/01/28 14:44:36.596,115.7029,180.3922,0,0,0.6413963,0,0,0,0
2024/01/28 14:44:37.286,116.0282,180.2777,0,0,0.6436082,0,0,0,0
2024/01/28 14:44:37.985,116.0445,180.1513,0,0,0.6441503,0,0,0,0
2024/01/28 14:44:38.685,115.7385,179.9888,0,0,0.6430317,0,0,0,0
2024/01/28 14:44:39.351,115.1341,179.7829,0,0,0.6404062,0,0,0,0
2024/01/28 14:44:40.024,114.2303,179.5178,0,0,0.6363173,0,0,0,0
2024/01/28 14:44:40.692,113.0072,179.1717,0,0,0.6307198,0,0,0,0
2024/01/28 14:44:41.387,111.6782,178.7983,0,0,0.6246044,0,0,0,0
2024/01/28 14:44:42.074,109.8005,178.2693,0,0,0.615925,0,0,0,0
2024/01/28 14:44:42.749,107.7861,177.6674,0,0,0.6066734,0,0,0,0
2024/01/28 14:44:43.411,105.5651,176.9729,0,0,0.5965041,0,0,0,0
2024/01/28 14:44:44.109,103.0812,176.143,0,0,0.5852133,0,0,0,0
2024/01/28 14:44:44.811,100.7581,175.3134,0,0,0.5747312,0,0,0,0
2024/01/28 14:44:45.517,97.90592,174.2378,0,0,0.5619099,0,0,0,0
2024/01/28 14:44:46.216,94.93003,173.0286,0,0,0.5486379,0,0,0,0
2024/01/28 14:44:46.893,92.05085,171.7765,0,0,0.5358757,0,0,0,0
2024/01/28 14:44:47.574,89.05475,170.3866,0,0,0.5226628,0,0,0,0
2024/01/28 14:44:48.271,85.98265,168.8498,0,0,0.5092258,0,0,0,0
2024/01/28 14:44:48.955,83.42103,167.4696,0,0,0.4981263,0,0,0,0
2024/01/28 14:44:49.632,80.48589,165.7665,0,0,0.4855378,0,0,0,0
2024/01/28 14:44:50.293,77.73083,164.0449,0,0,0.4738388,0,0,0,0
2024/01/28 14:44:50.957,75.4069,162.4741,0,0,0.4641164,0,0,0,0
2024/01/28 14:44:51.650,72.71087,160.4914,0,0,0.4530515,0,0,0,0
2024/01/28 14:44:52.339,70.16671,158.4384,0,0,0.4428642,0,0,0,0
2024/01/28 14:44:53.037,68.05195,156.5863,0,0,0.4345972,0,0,0,0
2024/01/28 14:44:53.714,65.85048,154.4713,0,0,0.426296,0,0,0,0
2024/01/28 14:44:54.391,63.93257,152.435,0,0,0.4194087,0,0,0,0
2024/01/28 14:44:55.076,62.09318,150.2921,0,0,0.4131499,0,0,0,0
2024/01/28 14:44:55.777,60.65028,148.4305,0,0,0.4086106,0,0,0,0
2024/01/28 14:44:56.479,59.10724,146.2514,0,0,0.4041482,0,0,0,0
2024/01/28 14:44:57.156,57.89869,144.299,0,0,0.401241,0,0,0,0
2024/01/28 14:44:57.819,56.7814,142.4164,0,0,0.3986999,0,0,0,0
2024/01/28 14:44:58.497,55.74528,140.393,0,0,0.397066,0,0,0,0
2024/01/28 14:44:59.180,54.9602,138.6605,0,0,0.3963653,0,0,0,0
2024/01/28 14:44:59.864,54.16672,136.7237,0,0,0.3961767,0,0,0,0
2024/01/28 14:45:00.557,53.48821,134.8284,0,0,0.3967133,0,0,0,0
2024/01/28 14:45:01.219,52.9447,133.0722,0,0,0.3978646,0,0,0,0
2024/01/28 14:45:01.917,52.48826,131.3756,0,0,0.3995281,0,0,0,0
2024/01/28 14:45:02.602,52.09499,129.7455,0,0,0.4015169,0,0,0,0
2024/01/28 14:45:03.299,51.76628,128.1465,0,0,0.4039618,0,0,0,0
2024/01/28 14:45:03.979,51.49326,126.5254,0,0,0.4069795,0,0,0,0
2024/01/28 14:45:04.637,51.30196,125.2145,0,0,0.4097127,0,0,0,0
2024/01/28 14:45:05.301,51.10712,123.6777,0,0,0.4132283,0,0,0,0
2024/01/28 14:45:05.994,50.95704,122.4142,0,0,0.4162672,0,0,0,0
2024/01/28 14:45:06.695,50.80575,120.9413,0,0,0.4200862,0,0,0,0
2024/01/28 14:45:07.396,50.67501,119.6345,0,0,0.4235819,0,0,0,0
2024/01/28 14:45:08.074,50.54532,118.3094,0,0,0.42723,0,0,0,0
2024/01/28 14:45:08.736,50.39425,116.9846,0,0,0.4307768,0,0,0,0
2024/01/28 14:45:09.419,50.22896,115.7251,0,0,0.4340368,0,0,0,0
2024/01/28 14:45:10.117,50.01927,114.5095,0,0,0.4368134,0,0,0,0
2024/01/28 14:45:10.818,49.71944,113.1123,0,0,0.4395583,0,0,0,0
2024/01/28 14:45:11.500,49.43015,112.0556,0,0,0.4411217,0,0,0,0
2024/01/28 14:45:12.159,49.01642,110.8287,0,0,0.4422718,0,0,0,0
2024/01/28 14:45:12.818,48.60976,109.8344,0,0,0.4425732,0,0,0,0
2024/01/28 14:45:13.493,48.07681,108.7445,0,0,0.4421082,0,0,0,0
2024/01/28 14:45:14.169,47.45978,107.6906,0,0,0.4407051,0,0,0,0
2024/01/28 14:45:14.848,46.74643,106.6753,0,0,0.4382123,0,0,0,0
2024/01/28 14:45:15.507,46.05419,105.8387,0,0,0.4351355,0,0,0,0
2024/01/28 14:45:16.150,45.3198,105.1018,0,0,0.4311989,0,0,0,0
2024/01/28 14:45:16.776,44.60192,104.4837,0,0,0.4268791,0,0,0,0
2024/01/28 14:45:17.412,43.68319,103.8535,0,0,0.4206231,0,0,0,0
2024/01/28 14:45:18.016,42.84826,103.4182,0,0,0.4143201,0,0,0,0
2024/01/28 14:45:18.631,41.99198,103.099,0,0,0.4072977,0,0,0,0
2024/01/28 14:45:19.252,41.08585,102.9023,0,0,0.3992704,0,0,0,0
2024/01/28 14:45:19.908,40.19337,102.842,0,0,0.3908265,0,0,0,0
2024/01/28 14:45:20.592,39.20777,102.9329,0,0,0.3809061,0,0,0,0
2024/01/28 14:45:21.283,38.14829,103.2766,0,0,0.36938,0,0,0,0
2024/01/28 14:45:21.949,37.40422,103.799,0,0,0.3603524,0,0,0,0
2024/01/28 14:45:22.605,36.75484,104.3933,0,0,0.3520804,0,0,0,0
2024/01/28 14:45:23.260,36.28725,105.3183,0,0,0.3445483,0,0,0,0
2024/01/28 14:45:23.924,36.10771,106.2932,0,0,0.3396993,0,0,0,0
2024/01/28 14:45:24.617,36.19719,107.6606,0,0,0.3362158,0,0,0,0
2024/01/28 14:45:25.317,36.72218,109.4367,0,0,0.3355565,0,0,0,0
2024/01/28 14:45:26.016,37.65774,111.3005,0,0,0.3383429,0,0,0,0
2024/01/28 14:45:26.678,38.87587,113.1407,0,0,0.3436065,0,0,0,0
2024/01/28 14:45:27.341,40.87346,115.6136,0,0,0.3535351,0,0,0,0
2024/01/28 14:45:28.034,43.36704,118.2461,0,0,0.3667524,0,0,0,0
2024/01/28 14:45:28.739,46.4518,121.1314,0,0,0.3834828,0,0,0,0
2024/01/28 14:45:29.476,50.6807,124.6799,0,0,0.4064864,0,0,0,0
2024/01/28 14:45:30.198,55.17083,128.0962,0,0,0.4306986,0,0,0,0
2024/01/28 14:45:30.898,61.23017,132.3282,0,0,0.4627144,0,0,0,0
2024/01/28 14:45:31.595,67.24285,136.2249,0,0,0.4936164,0,0,0,0
2024/01/28 14:45:32.313,73.93896,140.3018,0,0,0.5269995,0,0,0,0
2024/01/28 14:45:33.035,82.45859,145.1944,0,0,0.5679185,0,0,0,0
2024/01/28 14:45:33.787,90.61749,149.672,0,0,0.6054405,0,0,0,0
2024/01/28 14:45:34.525,100.9434,155.1734,0,0,0.6505203,0,0,0,0
2024/01/28 14:45:35.210,109.2614,159.5428,0,0,0.6848406,0,0,0,0
2024/01/28 14:45:35.883,119.0358,164.6382,0,0,0.7230147,0,0,0,0
2024/01/28 14:45:36.562,128.8209,169.7146,0,0,0.7590444,0,0,0,0
2024/01/28 14:45:37.259,138.8349,174.9078,0,0,0.7937606,0,0,0,0
2024/01/28 14:45:37.963,149.1207,180.2815,0,0,0.8271549,0,0,0,0
2024/01/28 14:45:38.662,159.5756,185.813,0,0,0.8587968,0,0,0,0
2024/01/28 14:45:39.343,169.9869,191.43,0,0,0.8879845,0,0,0,0
2024/01/28 14:45:40.036,180.824,197.4477,0,0,0.9158071,0,0,0,0
2024/01/28 14:45:40.758,190.3659,202.9229,0,0,0.9381195,0,0,0,0
2024/01/28 14:45:41.492,201.2575,209.4848,0,0,0.9607262,0,0,0,0
2024/01/28 14:45:42.212,210.151,215.1758,0,0,0.9766479,0,0,0,0
2024/01/28 14:45:42.897,218.3273,220.7622,0,0,0.9889702,0,0,0,0
2024/01/28 14:45:43.593,225.7739,226.2256,0,0,0.9980035,0,0,0,0
2024/01/28 14:45:44.293,232.9067,231.9323,0,0,1.004201,0,0,0,0
2024/01/28 14:45:45.009,239.2892,237.6079,0,0,1.007076,0,0,0,0
2024/01/28 14:45:45.690,244.8595,243.2189,0,0,1.006745,0,0,0,0
2024/01/28 14:45:46.349,249.5293,248.6791,0,0,1.003419,0,0,0,0
2024/01/28 14:45:46.988,252.695,253.0854,0,0,0.9984574,0,0,0,0
2024/01/28 14:45:47.645,255.6075,258.1756,0,0,0.990053,0,0,0,0
2024/01/28 14:45:48.308,257.6319,263.1953,0,0,0.9788621,0,0,0,0
2024/01/28 14:45:48.983,258.6502,267.9262,0,0,0.9653783,0,0,0,0
2024/01/28 14:45:49.627,258.7977,271.8925,0,0,0.9518384,0,0,0,0
2024/01/28 14:45:50.283,258.1416,276.1593,0,0,0.9347564,0,0,0,0
2024/01/28 14:45:50.945,256.6523,280.0997,0,0,0.9162889,0,0,0,0
2024/01/28 14:45:51.639,254.385,283.8414,0,0,0.8962225,0,0,0,0
2024/01/28 14:45:52.341,250.8276,287.909,0,0,0.8712045,0,0,0,0
2024/01/28 14:45:53.044,246.9657,291.2247,0,0,0.8480244,0,0,0,0
2024/01/28 14:45:53.727,242.689,294.1547,0,0,0.8250387,0,0,0,0
2024/01/28 14:45:54.395,238.0142,296.7737,0,0,0.8020055,0,0,0,0
2024/01/28 14:45:55.068,233.6336,298.8325,0,0,0.7818215,0,0,0,0
2024/01/28 14:45:55.740,228.4444,300.8714,0,0,0.7592758,0,0,0,0
2024/01/28 14:45:56.395,223.0612,302.586,0,0,0.737183,0,0,0,0
2024/01/28 14:45:57.037,218.4565,303.7563,0,0,0.7191834,0,0,0,0
2024/01/28 14:45:57.677,213.389,304.75,0,0,0.70021,0,0,0,0
2024/01/28 14:45:58.316,209.3385,305.2783,0,0,0.68573,0,0,0,0
2024/01/28 14:45:58.970,204.6912,305.5709,0,0,0.6698648,0,0,0,0
2024/01/28 14:45:59.610,200.3833,305.4931,0,0,0.6559339,0,0,0,0
2024/01/28 14:46:00.252,197.0224,305.1152,0,0,0.6457312,0,0,0,0
2024/01/28 14:46:00.906,193.5219,304.2708,0,0,0.6360186,0,0,0,0
2024/01/28 14:46:01.564,190.7661,303.0568,0,0,0.629473,0,0,0,0
2024/01/28 14:46:02.227,188.4371,301.3786,0,0,0.6252502,0,0,0,0
2024/01/28 14:46:02.905,186.7968,299.3136,0,0,0.624084,0,0,0,0
2024/01/28 14:46:03.560,185.8827,297.1947,0,0,0.6254576,0,0,0,0
2024/01/28 14:46:04.203,185.4291,294.4329,0,0,0.6297838,0,0,0,0
2024/01/28 14:46:04.856,185.6108,291.4089,0,0,0.6369429,0,0,0,0
2024/01/28 14:46:05.499,186.1937,288.4943,0,0,0.6453983,0,0,0,0
2024/01/28 14:46:06.140,187.3945,284.6088,0,0,0.6584285,0,0,0,0
2024/01/28 14:46:06.779,188.8559,280.9552,0,0,0.6721922,0,0,0,0
2024/01/28 14:46:07.414,191.0068,276.3647,0,0,0.6911404,0,0,0,0
2024/01/28 14:46:08.020,193.1841,272.1627,0,0,0.7098109,0,0,0,0
2024/01/28 14:46:08.635,195.532,267.9056,0,0,0.7298541,0,0,0,0
2024/01/28 14:46:09.237,198.4498,262.7815,0,0,0.7551894,0,0,0,0
2024/01/28 14:46:09.851,201.1502,258.0424,0,0,0.7795239,0,0,0,0
2024/01/28 14:46:10.472,203.9731,253.03,0,0,0.8061224,0,0,0,0
2024/01/28 14:46:11.112,206.8262,247.8206,0,0,0.8345804,0,0,0,0
2024/01/28 14:46:11.757,209.9967,241.7068,0,0,0.8688079,0,0,0,0
2024/01/28 14:46:12.395,212.9245,235.6843,0,0,0.903431,0,0,0,0
2024/01/28 14:46:13.031,215.7071,229.4698,0,0,0.9400238,0,0,0,0
2024/01/28 14:46:13.653,217.928,223.9396,0,0,0.9731554,0,0,0,0
2024/01/28 14:46:14.283,220.3159,217.323,0,0,1.013772,0,0,0,0
2024/01/28 14:46:14.905,222.1013,211.5729,0,0,1.049763,0,0,0,0
2024/01/28 14:46:15.539,223.847,204.9364,0,0,1.092276,0,0,0,0
2024/01/28 14:46:16.180,225.1219,198.5137,0,0,1.134037,0,0,0,0
2024/01/28 14:46:16.804,226.055,192.2045,0,0,1.176117,0,0,0,0
2024/01/28 14:46:17.420,226.669,185.7929,0,0,1.220009,0,0,0,0
2024/01/28 14:46:18.037,226.9224,179.6803,0,0,1.262923,0,0,0,0
2024/01/28 14:46:18.641,226.8598,173.4911,0,0,1.307617,0,0,0,0
2024/01/28 14:46:19.227,226.6028,168.4892,0,0,1.34491,0,0,0,0
2024/01/28 14:46:19.821,225.9999,162.3008,0,0,1.392475,0,0,0,0
2024/01/28 14:46:20.422,225.0858,155.8308,0,0,1.444424,0,0,0,0
2024/01/28 14:46:21.091,223.9478,150.1589,0,0,1.491406,0,0,0,0
2024/01/28 14:46:21.796,221.96,142.6361,0,0,1.556127,0,0,0,0
2024/01/28 14:46:22.517,219.9001,136.4715,0,0,1.611326,0,0,0,0
2024/01/28 14:46:23.195,217.6068,130.5369,0,0,1.667013,0,0,0,0
2024/01/28 14:46:23.873,214.6155,123.9942,0,0,1.730851,0,0,0,0
2024/01/28 14:46:24.550,211.7935,118.5036,0,0,1.787232,0,0,0,0
2024/01/28 14:46:25.253,208.6895,113.0919,0,0,1.845309,0,0,0,0
2024/01/28 14:46:25.970,205.4811,108.0114,0,0,1.902402,0,0,0,0
2024/01/28 14:46:26.686,202.018,102.9747,0,0,1.961821,0,0,0,0
2024/01/28 14:46:27.363,199.1382,99.07888,0,0,2.009896,0,0,0,0
2024/01/28 14:46:28.012,196.7115,95.96421,0,0,2.049842,0,0,0,0
2024/01/28 14:46:28.669,194.2343,92.90665,0,0,2.09064,0,0,0,0
2024/01/28 14:46:29.333,192.4582,90.7524,0,0,2.120696,0,0,0,0
2024/01/28 14:46:30.022,190.9398,88.80897,0,0,2.150005,0,0,0,0
2024/01/28 14:46:30.722,190.3101,87.69722,0,0,2.170082,0,0,0,0
2024/01/28 14:46:31.420,190.6265,87.40964,0,0,2.180841,0,0,0,0
2024/01/28 14:46:32.083,191.6751,87.80439,0,0,2.182978,0,0,0,0
2024/01/28 14:46:32.785,193.9903,89.0978,0,0,2.177273,0,0,0,0
2024/01/28 14:46:33.501,197.5996,91.32389,0,0,2.163723,0,0,0,0
2024/01/28 14:46:34.223,202.755,94.62954,0,0,2.142618,0,0,0,0
2024/01/28 14:46:34.921,208.2748,98.25915,0,0,2.119648,0,0,0,0
2024/01/28 14:46:35.597,215.3404,102.989,0,0,2.090906,0,0,0,0
2024/01/28 14:46:36.271,223.3941,108.4794,0,0,2.059323,0,0,0,0
2024/01/28 14:46:36.972,234.0052,115.8607,0,0,2.019712,0,0,0,0
2024/01/28 14:46:37.675,244.5952,123.3641,0,0,1.98271,0,0,0,0
2024/01/28 14:46:38.375,256.2296,131.7486,0,0,1.944837,0,0,0,0
2024/01/28 14:46:39.055,266.7462,139.4548,0,0,1.91278,0,0,0,0
2024/01/28 14:46:39.725,279.326,148.8386,0,0,1.876704,0,0,0,0
2024/01/28 14:46:40.417,292.6408,158.971,0,0,1.840844,0,0,0,0
2024/01/28 14:46:41.136,306.8674,170.0695,0,0,1.804365,0,0,0,0
2024/01/28 14:46:41.852,321.4983,181.8202,0,0,1.768221,0,0,0,0
2024/01/28 14:46:42.548,335.8457,193.7272,0,0,1.733601,0,0,0,0
2024/01/28 14:46:43.210,349.2172,205.262,0,0,1.701325,0,0,0,0
2024/01/28 14:46:43.883,360.5509,215.4119,0,0,1.673775,0,0,0,0
2024/01/28 14:46:44.568,373.2896,227.3696,0,0,1.641775,0,0,0,0
2024/01/28 14:46:45.266,385.53,239.5533,0,0,1.609371,0,0,0,0
2024/01/28 14:46:45.980,396.1458,250.9356,0,0,1.578675,0,0,0,0
2024/01/28 14:46:46.644,405.4393,261.7161,0,0,1.549157,0,0,0,0
2024/01/28 14:46:47.317,414.5042,273.4093,0,0,1.516057,0,0,0,0
2024/01/28 14:46:47.996,421.3033,283.3737,0,0,1.486741,0,0,0,0
2024/01/28 14:46:48.715,427.428,294.2818,0,0,1.452444,0,0,0,0
2024/01/28 14:46:49.459,431.2368,303.2742,0,0,1.421937,0,0,0,0
2024/01/28 14:46:50.236,433.8226,313.5995,0,0,1.383365,0,0,0,0
2024/01/28 14:46:50.953,434.0749,321.4592,0,0,1.350327,0,0,0,0
2024/01/28 14:46:51.637,432.9183,327.3591,0,0,1.322457,0,0,0,0
2024/01/28 14:46:52.331,430.0219,333.3888,0,0,1.289851,0,0,0,0
2024/01/28 14:46:53.036,425.4357,338.6102,0,0,1.256417,0,0,0,0
2024/01/28 14:46:53.746,418.5271,343.3488,0,0,1.218956,0,0,0,0
2024/01/28 14:46:54.467,411.2321,346.5668,0,0,1.186588,0,0,0,0
2024/01/28 14:46:55.151,402.5252,349.1324,0,0,1.15293,0,0,0,0
2024/01/28 14:46:55.829,392.6259,350.9744,0,0,1.118674,0,0,0,0
2024/01/28 14:46:56.525,380.2996,352.2469,0,0,1.079639,0,0,0,0
2024/01/28 14:46:57.224,369.1609,352.7742,0,0,1.046451,0,0,0,0
2024/01/28 14:46:57.922,355.4819,352.7831,0,0,1.00765,0,0,0,0
2024/01/28 14:46:58.597,343.1422,352.3968,0,0,0.9737382,0,0,0,0
2024/01/28 14:46:59.259,330.0991,351.6577,0,0,0.9386945,0,0,0,0
2024/01/28 14:46:59.937,315.0917,350.5299,0,0,0.8989009,0,0,0,0
2024/01/28 14:47:00.636,302.0572,349.3583,0,0,0.8646056,0,0,0,0
2024/01/28 14:47:01.340,286.8651,347.8533,0,0,0.8246726,0,0,0,0
2024/01/28 14:47:02.058,273.8989,346.5031,0,0,0.7904658,0,0,0,0
2024/01/28 14:47:02.739,259.3166,345.0036,0,0,0.7516345,0,0,0,0
2024/01/28 14:47:03.403,248.6803,343.9541,0,0,0.7230045,0,0,0,0
2024/01/28 14:47:04.079,235.5284,342.7649,0,0,0.6871429,0,0,0,0
2024/01/28 14:47:04.771,225.062,341.9847,0,0,0.6581056,0,0,0,0
2024/01/28 14:47:05.452,215.2579,341.4193,0,0,0.6304795,0,0,0,0
2024/01/28 14:47:06.113,205.1006,341.1195,0,0,0.6012575,0,0,0,0
2024/01/28 14:47:06.773,197.2693,341.1469,0,0,0.5782534,0,0,0,0
2024/01/28 14:47:07.437,190.0093,341.4697,0,0,0.5564454,0,0,0,0
2024/01/28 14:47:08.134,183.435,342.1109,0,0,0.5361856,0,0,0,0
2024/01/28 14:47:08.821,178.5817,342.9118,0,0,0.5207803,0,0,0,0
2024/01/28 14:47:09.532,174.0375,344.0653,0,0,0.505827,0,0,0,0
2024/01/28 14:47:10.196,170.478,345.4588,0,0,0.4934828,0,0,0,0
2024/01/28 14:47:10.869,168.2088,346.8202,0,0,0.4850028,0,0,0,0
2024/01/28 14:47:11.536,166.3725,348.5964,0,0,0.477264,0,0,0,0
2024/01/28 14:47:12.231,165.3969,350.174,0,0,0.4723278,0,0,0,0
2024/01/28 14:47:12.916,164.8719,352.0191,0,0,0.4683608,0,0,0,0
2024/01/28 14:47:13.592,164.7949,353.5104,0,0,0.4661671,0,0,0,0
2024/01/28 14:47:14.250,164.9491,354.8375,0,0,0.4648583,0,0,0,0
2024/01/28 14:47:14.909,165.3169,356.2236,0,0,0.4640818,0,0,0,0
2024/01/28 14:47:15.573,165.6241,357.0556,0,0,0.4638607,0,0,0,0
2024/01/28 14:47:16.257,165.8542,357.5848,0,0,0.4638176,0,0,0,0
2024/01/28 14:47:16.933,165.8911,357.7012,0,0,0.4637701,0,0,0,0
2024/01/28 14:47:17.574,165.6415,357.3393,0,0,0.4635414,0,0,0,0
2024/01/28 14:47:18.227,165.0662,356.5441,0,0,0.4629614,0,0,0,0
2024/01/28 14:47:18.867,163.9797,355.0817,0,0,0.4618083,0,0,0,0
2024/01/28 14:47:19.527,162.3952,353.0272,0,0,0.4600077,0,0,0,0
2024/01/28 14:47:20.189,160.685,350.8117,0,0,0.4580377,0,0,0,0
2024/01/28 14:47:20.837,158.1023,347.5326,0,0,0.4549279,0,0,0,0
2024/01/28 14:47:21.491,155.2067,343.8881,0,0,0.4513289,0,0,0,0
2024/01/28 14:47:22.187,152.1189,339.8996,0,0,0.4475408,0,0,0,0
2024/01/28 14:47:22.891,148.126,334.6136,0,0,0.4426776,0,0,0,0
2024/01/28 14:47:23.628,143.3845,328.1833,0,0,0.4369037,0,0,0,0
2024/01/28 14:47:24.311,138.9256,321.9557,0,0,0.4315054,0,0,0,0
2024/01/28 14:47:24.979,134.2216,315.2335,0,0,0.4257848,0,0,0,0
2024/01/28 14:47:25.659,129.1442,307.7712,0,0,0.4196109,0,0,0,0
2024/01/28 14:47:26.371,123.8637,299.7264,0,0,0.4132558,0,0,0,0
2024/01/28 14:47:27.075,119.323,292.5418,0,0,0.4078838,0,0,0,0
2024/01/28 14:47:27.792,113.6603,283.1549,0,0,0.4014068,0,0,0,0
2024/01/28 14:47:28.454,109.0846,275.1964,0,0,0.3963881,0,0,0,0
2024/01/28 14:47:29.115,104.622,267.0048,0,0,0.3918355,0,0,0,0
2024/01/28 14:47:29.792,100.4109,258.7278,0,0,0.3880946,0,0,0,0
2024/01/28 14:47:30.510,96.39813,250.1506,0,0,0.3853603,0,0,0,0
2024/01/28 14:47:31.253,92.32882,240.3883,0,0,0.3840819,0,0,0,0
2024/01/28 14:47:31.994,89.37322,232.1113,0,0,0.3850446,0,0,0,0
2024/01/28 14:47:32.716,86.85212,223.4268,0,0,0.3887275,0,0,0,0
2024/01/28 14:47:33.420,85.22524,215.8486,0,0,0.3948381,0,0,0,0
2024/01/28 14:47:34.143,84.2628,208.6201,0,0,0.4039055,0,0,0,0
2024/01/28 14:47:34.896,83.99767,201.8967,0,0,0.4160428,0,0,0,0
2024/01/28 14:47:35.620,84.46419,195.4781,0,0,0.4320902,0,0,0,0
2024/01/28 14:47:36.354,85.47817,190.6131,0,0,0.448438,0,0,0,0
2024/01/28 14:47:37.036,87.09243,186.3551,0,0,0.4673467,0,0,0,0
2024/01/28 14:47:37.715,89.24966,182.933,0,0,0.4878817,0,0,0,0
2024/01/28 14:47:38.377,91.86661,180.42,0,0,0.5091821,0,0,0,0
2024/01/28 14:47:39.041,94.48712,178.9627,0,0,0.5279711,0,0,0,0
2024/01/28 14:47:39.741,98.14108,178.1029,0,0,0.5510357,0,0,0,0
2024/01/28 14:47:40.437,101.9717,178.2318,0,0,0.5721294,0,0,0,0
2024/01/28 14:47:41.103,105.5573,179.0734,0,0,0.589464,0,0,0,0
2024/01/28 14:47:41.765,110.1913,180.9801,0,0,0.6088584,0,0,0,0
2024/01/28 14:47:42.422,114.4173,183.352,0,0,0.6240305,0,0,0,0
2024/01/28 14:47:43.118,119.4019,186.8157,0,0,0.6391429,0,0,0,0
2024/01/28 14:47:43.803,124.3502,190.8332,0,0,0.6516173,0,0,0,0
2024/01/28 14:47:44.525,130.4023,196.3745,0,0,0.6640489,0,0,0,0
2024/01/28 14:47:45.239,135.9472,201.9896,0,0,0.6730404,0,0,0,0
2024/01/28 14:47:45.901,141.8527,208.3087,0,0,0.6809735,0,0,0,0
2024/01/28 14:47:46.563,147.2398,214.2877,0,0,0.6871129,0,0,0,0
2024/01/28 14:47:47.247,154.0952,222.2562,0,0,0.6933222,0,0,0,0
2024/01/28 14:47:47.925,160.3251,229.6008,0,0,0.6982774,0,0,0,0
2024/01/28 14:47:48.606,166.8037,237.275,0,0,0.7029975,0,0,0,0
2024/01/28 14:47:49.266,172.8345,244.4161,0,0,0.7071321,0,0,0,0
2024/01/28 14:47:49.925,179.262,251.9473,0,0,0.7115058,0,0,0,0
2024/01/28 14:47:50.582,186.0814,259.8837,0,0,0.7160177,0,0,0,0
2024/01/28 14:47:51.246,192.301,267.1,0,0,0.7199587,0,0,0,0
2024/01/28 14:47:51.948,200.1068,276.1147,0,0,0.7247236,0,0,0,0
2024/01/28 14:47:52.666,206.9312,283.8776,0,0,0.7289451,0,0,0,0
2024/01/28 14:47:53.367,213.7703,291.49,0,0,0.7333709,0,0,0,0
2024/01/28 14:47:54.029,219.5935,297.7928,0,0,0.7374036,0,0,0,0
2024/01/28 14:47:54.707,226.2911,304.7964,0,0,0.7424337,0,0,0,0
2024/01/28 14:47:55.388,232.3438,310.9445,0,0,0.7472194,0,0,0,0
2024/01/28 14:47:56.077,238.0944,316.5074,0,0,0.7522554,0,0,0,0
2024/01/28 14:47:56.788,243.682,321.6437,0,0,0.7576147,0,0,0,0
2024/01/28 14:47:57.470,248.933,326.185,0,0,0.7631651,0,0,0,0
2024/01/28 14:47:58.148,253.7319,330.0307,0,0,0.768813,0,0,0,0
2024/01/28 14:47:58.810,257.9515,333.0795,0,0,0.7744441,0,0,0,0
2024/01/28 14:47:59.474,261.6046,335.4347,0,0,0.7798972,0,0,0,0
2024/01/28 14:48:00.156,264.8321,337.1544,0,0,0.7854918,0,0,0,0
2024/01/28 14:48:00.856,267.5839,338.2279,0,0,0.7911351,0,0,0,0
2024/01/28 14:48:01.570,269.7309,338.6062,0,0,0.7965917,0,0,0,0
2024/01/28 14:48:02.251,271.0495,338.3815,0,0,0.8010173,0,0,0,0
2024/01/28 14:48:02.918,271.883,337.537,0,0,0.8054909,0,0,0,0
2024/01/28 14:48:03.595,272.117,336.1496,0,0,0.8095117,0,0,0,0
2024/01/28 14:48:04.301,271.5471,333.8588,0,0,0.8133591,0,0,0,0
2024/01/28 14:48:05.019,270.2935,331.27,0,0,0.8159313,0,0,0,0
2024/01/28 14:48:05.761,268.0474,327.8227,0,0,0.8176597,0,0,0,0
2024/01/28 14:48:06.445,265.4334,324.4842,0,0,0.8180164,0,0,0,0
2024/01/28 14:48:07.125,262.0781,320.8565,0,0,0.8168079,0,0,0,0
2024/01/28 14:48:07.794,258.033,316.9656,0,0,0.8140724,0,0,0,0
2024/01/28 14:48:08.490,253.1002,312.6902,0,0,0.809428,0,0,0,0
2024/01/28 14:48:09.173,247.5907,308.3561,0,0,0.8029375,0,0,0,0
2024/01/28 14:48:09.868,241.1698,303.8035,0,0,0.7938349,0,0,0,0
2024/01/28 14:48:10.539,234.6525,299.5826,0,0,0.7832648,0,0,0,0
2024/01/28 14:48:11.202,227.4924,295.3664,0,0,0.770204,0,0,0,0
2024/01/28 14:48:11.867,220.0033,291.3477,0,0,0.755123,0,0,0,0
2024/01/28 14:48:12.589,211.8197,287.3513,0,0,0.7371453,0,0,0,0
2024/01/28 14:48:13.306,203.4178,283.6576,0,0,0.7171243,0,0,0,0
2024/01/28 14:48:14.004,193.5284,279.7792,0,0,0.6917185,0,0,0,0
2024/01/28 14:48:14.685,184.9609,276.8068,0,0,0.6681948,0,0,0,0
2024/01/28 14:48:15.383,176.3597,274.1708,0,0,0.6432477,0,0,0,0
2024/01/28 14:48:16.105,166.3949,271.5289,0,0,0.6128072,0,0,0,0
2024/01/28 14:48:16.828,157.5973,269.5976,0,0,0.584565,0,0,0,0
2024/01/28 14:48:17.548,147.8162,267.888,0,0,0.5517837,0,0,0,0
2024/01/28 14:48:18.229,139.2746,266.7787,0,0,0.5220604,0,0,0,0
2024/01/28 14:48:18.891,131.7549,266.1032,0,0,0.4951271,0,0,0,0
2024/01/28 14:48:19.555,124.4352,265.7816,0,0,0.4681858,0,0,0,0
2024/01/28 14:48:20.232,117.5107,265.7826,0,0,0.442131,0,0,0,0
2024/01/28 14:48:20.933,111.1427,266.1017,0,0,0.4176701,0,0,0,0
2024/01/28 14:48:21.636,104.3092,266.8503,0,0,0.3908901,0,0,0,0
2024/01/28 14:48:22.339,98.61992,267.8714,0,0,0.3681615,0,0,0,0
2024/01/28 14:48:23.020,93.48852,269.2087,0,0,0.3472715,0,0,0,0
2024/01/28 14:48:23.697,89.40422,270.6317,0,0,0.3303538,0,0,0,0
2024/01/28 14:48:24.396,85.59504,272.3896,0,0,0.3142376,0,0,0,0
2024/01/28 14:48:25.116,81.98677,274.5755,0,0,0.2985946,0,0,0,0
2024/01/28 14:48:25.855,79.37187,276.711,0,0,0.2868404,0,0,0,0
2024/01/28 14:48:26.559,77.19851,279.0658,0,0,0.2766319,0,0,0,0
2024/01/28 14:48:27.244,75.58401,281.4998,0,0,0.2685047,0,0,0,0
2024/01/28 14:48:27.939,74.46279,284.0378,0,0,0.262158,0,0,0,0
2024/01/28 14:48:28.658,73.80329,286.7422,0,0,0.2573856,0,0,0,0
2024/01/28 14:48:29.380,73.63991,289.0749,0,0,0.2547434,0,0,0,0
2024/01/28 14:48:30.098,73.86846,291.7798,0,0,0.2531651,0,0,0,0
2024/01/28 14:48:30.766,74.3196,293.8584,0,0,0.2529096,0,0,0,0
2024/01/28 14:48:31.443,75.03021,295.9589,0,0,0.2535157,0,0,0,0
2024/01/28 14:48:32.125,76.1271,298.2495,0,0,0.2552464,0,0,0,0
2024/01/28 14:48:32.803,77.23726,300.0414,0,0,0.257422,0,0,0,0
2024/01/28 14:48:33.483,78.6935,301.9345,0,0,0.2606311,0,0,0,0
2024/01/28 14:48:34.147,80.38176,303.7263,0,0,0.264652,0,0,0,0
2024/01/28 14:48:34.811,81.89604,305.0467,0,0,0.2684705,0,0,0,0
2024/01/28 14:48:35.492,83.67471,306.3131,0,0,0.2731672,0,0,0,0
2024/01/28 14:48:36.193,85.77666,307.48,0,0,0.2789667,0,0,0,0
2024/01/28 14:48:36.910,88.05257,308.4625,0,0,0.2854564,0,0,0,0
2024/01/28 14:48:37.611,90.26665,309.1313,0,0,0.292001,0,0,0,0
2024/01/28 14:48:38.292,92.55505,309.5741,0,0,0.2989754,0,0,0,0
2024/01/28 14:48:38.991,95.21315,309.8368,0,0,0.307301,0,0,0,0
2024/01/28 14:48:39.669,97.58715,309.8231,0,0,0.314977,0,0,0,0
2024/01/28 14:48:40.333,99.77682,309.6258,0,0,0.3222497,0,0,0,0
2024/01/28 14:48:40.993,102.3512,309.1756,0,0,0.3310456,0,0,0,0
2024/01/28 14:48:41.636,104.8371,308.5243,0,0,0.3398017,0,0,0,0
2024/01/28 14:48:42.279,107.3112,307.678,0,0,0.3487777,0,0,0,0
2024/01/28 14:48:42.941,109.7776,306.5881,0,0,0.3580621,0,0,0,0
2024/01/28 14:48:43.620,112.3847,305.2203,0,0,0.3682085,0,0,0,0
2024/01/28 14:48:44.299,114.5705,303.8825,0,0,0.3770223,0,0,0,0
2024/01/28 14:48:44.956,117.2435,301.9902,0,0,0.388236,0,0,0,0
