TempID,10020912,RRI Analyzer Ver1.0.49,âêÕÉâÉCÉuÉâÉä Ver1.1.3
RRI
acc_mode,
Time,RRI,temperature,Acc_x,Acc_y,Acc_z,HR_Instant,Body Motion
2024/01/28 14:37:08.030,708,32.125,0.125,-1.0625,-0.0625,84,0.07165176
2024/01/28 14:37:08.747,717,32.125,0.125,-1.0625,-0.0625,83,0.07165176
2024/01/28 14:37:09.508,761,32.125,0.125,-1.0625,-0.03125,78,0.07028399
2024/01/28 14:37:10.269,762,32.125,0.125,-1.0625,-0.0625,78,0.07165176
2024/01/28 14:37:11.043,775,32.125,0.125,-1.0625,-0.03125,77,0.07028399
2024/01/28 14:37:11.723,681,32.125,0.125,-1.03125,-0.0625,88,0.04067661
2024/01/28 14:37:12.402,679,32.0625,0.125,-1.0625,-0.03125,88,0.07028399
2024/01/28 14:37:13.086,685,32.0625,0.125,-1.0625,-0.03125,87,0.07028399
2024/01/28 14:37:13.828,743,32.0625,0.125,-1.0625,-0.0625,80,0.07165176
2024/01/28 14:37:14.633,804,32.0625,0.15625,-1.0625,-0.0625,74,0.07574465
2024/01/28 14:37:15.386,752,32.0625,0.125,-1.0625,-0.0625,79,0.07165176
2024/01/28 14:37:16.107,720,32.1875,0.125,-1.0625,-0.0625,83,0.07165176
2024/01/28 14:37:16.847,740,32.1875,0.125,-1.0625,-0.03125,81,0.07028399
2024/01/28 14:37:17.626,780,32.1875,0.125,-1.0625,-0.0625,76,0.07165176
2024/01/28 14:37:18.413,788,32.1875,0.125,-1.0625,-0.03125,76,0.07028399
2024/01/28 14:37:19.149,738,32.1875,0.125,-1.0625,-0.03125,81,0.07028399
2024/01/28 14:37:19.848,700,32.1875,0.125,-1.0625,-0.03125,85,0.07028399
2024/01/28 14:37:20.549,702,32.1875,0.09375,-1.0625,-0.03125,85,0.06708569
2024/01/28 14:37:21.272,724,32.1875,0.125,-1.0625,-0.0625,82,0.07165176
2024/01/28 14:37:22.046,774,32.1875,0.125,-1.0625,-0.0625,77,0.07165176
2024/01/28 14:37:22.804,758,32.1875,0.125,-1.03125,-0.0625,79,0.04067661
2024/01/28 14:37:23.508,703,32.1875,0.125,-1.0625,-0.0625,85,0.07165176
2024/01/28 14:37:24.189,680,32.125,0.125,-1.0625,-0.0625,88,0.07165176
2024/01/28 14:37:24.875,685,32.125,0.125,-1.03125,-0.03125,87,0.03926807
2024/01/28 14:37:25.598,717,32.125,0.125,-1.0625,-0.0625,83,0.07165176
2024/01/28 14:37:26.348,745,32.125,0.125,-1.0625,-0.0625,80,0.07165176
2024/01/28 14:37:27.148,794,32.125,0.125,-1.0625,-0.0625,75,0.07165176
2024/01/28 14:37:27.849,707,32.125,0.125,-1.0625,-0.03125,84,0.07028399
2024/01/28 14:37:28.534,691,32.1875,0.125,-1.0625,-0.0625,86,0.07165176
2024/01/28 14:37:29.211,683,32.1875,0.125,-1.0625,-0.03125,87,0.07028399
2024/01/28 14:37:29.935,718,32.1875,0.125,-1.0625,-0.03125,83,0.07028399
2024/01/28 14:37:30.676,736,32.1875,0.125,-1.0625,-0.03125,81,0.07028399
2024/01/28 14:37:31.444,762,32.1875,0.125,-1.0625,-0.0625,78,0.07165176
2024/01/28 14:37:32.138,701,32.1875,0.125,-1.03125,-0.03125,85,0.03926807
2024/01/28 14:37:32.812,681,32.1875,0.125,-1.0625,-0.0625,88,0.07165176
2024/01/28 14:37:33.491,686,32.1875,0.125,-1.0625,-0.03125,87,0.07028399
2024/01/28 14:37:34.206,713,32.1875,0.125,-1.0625,-0.03125,84,0.07028399
2024/01/28 14:37:34.915,708,32.1875,0.125,-1.0625,-0.0625,84,0.07165176
2024/01/28 14:37:35.629,713,32.1875,0.125,-1.0625,-0.0625,84,0.07165176
2024/01/28 14:37:36.306,679,32.3125,0.125,-1.0625,-0.0625,88,0.07165176
2024/01/28 14:37:36.973,668,32.3125,0.125,-1.0625,-0.03125,89,0.07028399
2024/01/28 14:37:37.691,719,32.3125,0.09375,-1.0625,-0.03125,83,0.06708569
2024/01/28 14:37:38.461,770,32.3125,0.125,-1.0625,-0.0625,77,0.07165176
2024/01/28 14:37:39.245,785,32.3125,0.125,-1.0625,-0.0625,76,0.07165176
2024/01/28 14:37:39.971,727,32.1875,0.125,-1.0625,-0.0625,82,0.07165176
2024/01/28 14:37:40.672,699,32.1875,0.125,-1.0625,-0.03125,85,0.07028399
2024/01/28 14:37:41.425,752,32.1875,0.09375,-1.0625,-0.0625,79,0.06845756
2024/01/28 14:37:42.187,761,32.1875,0.09375,-1.0625,-0.0625,78,0.06845756
2024/01/28 14:37:42.954,764,32.1875,0.125,-1.03125,-0.03125,78,0.03926807
2024/01/28 14:37:43.672,716,32.1875,0.125,-1.0625,-0.03125,83,0.07028399
2024/01/28 14:37:44.373,699,32.25,0.125,-1.0625,-0.03125,85,0.07028399
2024/01/28 14:37:45.077,707,32.25,0.125,-1.0625,-0.03125,84,0.07028399
2024/01/28 14:37:45.816,741,32.25,0.125,-1.0625,-0.0625,80,0.07165176
2024/01/28 14:37:46.587,773,32.25,0.125,-1.0625,-0.03125,77,0.07028399
2024/01/28 14:37:47.389,801,32.25,0.125,-1.0625,-0.03125,74,0.07028399
2024/01/28 14:37:48.130,741,32.25,0.125,-1.0625,-0.0625,80,0.07165176
2024/01/28 14:37:48.851,721,32.25,0.125,-1.03125,-0.0625,83,0.04067661
2024/01/28 14:37:49.572,721,32.25,0.125,-1.0625,-0.03125,83,0.07028399
2024/01/28 14:37:50.332,761,32.25,0.125,-1.0625,-0.03125,78,0.07028399
2024/01/28 14:37:51.131,800,32.25,0.125,-1.0625,-0.0625,75,0.07165176
2024/01/28 14:37:51.908,774,32.25,0.125,-1.0625,-0.03125,77,0.07028399
2024/01/28 14:37:52.630,720,32.25,0.125,-1.0625,-0.0625,83,0.07165176
2024/01/28 14:37:53.331,699,32.25,0.125,-1.03125,-0.03125,85,0.03926807
2024/01/28 14:37:54.068,739,32.25,0.125,-1.0625,-0.03125,81,0.07028399
2024/01/28 14:37:54.847,782,32.25,0.125,-1.0625,-0.0625,76,0.07165176
2024/01/28 14:37:55.700,857,32.25,0.125,-1.0625,-0.0625,70,0.07165176
2024/01/28 14:37:56.487,787,32.3125,0.125,-1.0625,-0.0625,76,0.07165176
2024/01/28 14:37:57.268,781,32.3125,0.125,-1.0625,-0.03125,76,0.07028399
2024/01/28 14:37:58.123,855,32.3125,0.09375,-1.03125,-0.0625,70,0.03738704
2024/01/28 14:37:58.978,855,32.3125,0.125,-1.03125,-0.0625,70,0.04067661
2024/01/28 14:37:59.821,844,32.3125,0.125,-1.03125,-0.0625,71,0.04067661
2024/01/28 14:38:00.603,783,32.375,0.125,-1.0625,-0.03125,76,0.07028399
2024/01/28 14:38:01.397,793,32.375,0.125,-1.0625,-0.09375,75,0.07392752
2024/01/28 14:38:02.223,826,32.375,0.125,-1.0625,-0.0625,72,0.07165176
2024/01/28 14:38:03.075,852,32.375,0.125,-1.0625,-0.03125,70,0.07028399
2024/01/28 14:38:03.918,841,32.375,0.125,-1.0625,-0.03125,71,0.07028399
2024/01/28 14:38:04.698,779,32.3125,0.125,-1.0625,-0.0625,77,0.07165176
2024/01/28 14:38:05.460,761,32.3125,0.125,-1.0625,-0.03125,78,0.07028399
2024/01/28 14:38:06.283,822,32.3125,0.125,-1.0625,-0.03125,72,0.07028399
2024/01/28 14:38:07.146,862,32.3125,0.09375,-1.0625,-0.03125,69,0.06708569
2024/01/28 14:38:08.028,881,32.3125,0.125,-1.0625,-0.03125,68,0.07028399
2024/01/28 14:38:08.886,860,32.375,0.125,-1.03125,-0.0625,69,0.04067661
2024/01/28 14:38:09.696,812,32.375,0.125,-1.0625,-0.03125,73,0.07028399
2024/01/28 14:38:10.557,863,32.375,0.125,-1.0625,-0.0625,69,0.07165176
2024/01/28 14:38:11.439,881,32.375,0.125,-1.0625,-0.0625,68,0.07165176
2024/01/28 14:38:12.322,881,32.4375,0.125,-1.0625,-0.0625,68,0.07165176
2024/01/28 14:38:13.139,815,32.4375,0.125,-1.0625,-0.0625,73,0.07165176
2024/01/28 14:38:13.937,798,32.4375,0.125,-1.0625,-0.03125,75,0.07028399
2024/01/28 14:38:14.777,841,32.4375,0.125,-1.0625,-0.0625,71,0.07165176
2024/01/28 14:38:15.652,876,32.4375,0.125,-1.0625,-0.03125,68,0.07028399
2024/01/28 14:38:16.536,885,32.375,0.125,-1.0625,-0.0625,67,0.07165176
2024/01/28 14:38:17.392,857,32.375,0.125,-1.0625,-0.03125,70,0.07028399
2024/01/28 14:38:18.229,838,32.375,0.125,-1.0625,-0.03125,71,0.07028399
2024/01/28 14:38:19.089,860,32.375,0.125,-1.03125,-0.0625,69,0.04067661
2024/01/28 14:38:19.934,844,32.375,0.125,-1.0625,-0.0625,71,0.07165176
2024/01/28 14:38:20.755,820,32.4375,0.125,-1.0625,-0.0625,73,0.07165176
2024/01/28 14:38:21.557,801,32.4375,0.125,-1.03125,-0.03125,74,0.03926807
2024/01/28 14:38:22.397,840,32.4375,0.125,-1.0625,-0.0625,71,0.07165176
2024/01/28 14:38:23.236,839,32.4375,0.09375,-1.03125,-0.0625,71,0.03738704
2024/01/28 14:38:24.053,818,32.375,0.09375,-1.0625,-0.0625,73,0.06845756
2024/01/28 14:38:24.826,774,32.375,0.125,-1.0625,-0.03125,77,0.07028399
2024/01/28 14:38:25.627,802,32.375,0.125,-1.0625,-0.0625,74,0.07165176
2024/01/28 14:38:26.444,817,32.375,0.125,-1.0625,-0.0625,73,0.07165176
2024/01/28 14:38:27.283,840,32.375,0.125,-1.0625,-0.0625,71,0.07165176
2024/01/28 14:38:28.068,786,32.375,0.125,-1.0625,-0.03125,76,0.07028399
2024/01/28 14:38:28.826,757,32.375,0.125,-1.0625,-0.03125,79,0.07028399
2024/01/28 14:38:29.630,803,32.375,0.125,-1.0625,-0.0625,74,0.07165176
2024/01/28 14:38:30.493,862,32.375,0.125,-1.0625,-0.0625,69,0.07165176
2024/01/28 14:38:31.394,898,32.375,0.125,-1.0625,-0.0625,66,0.07165176
2024/01/28 14:38:32.273,875,32.4375,0.125,-1.0625,-0.03125,68,0.07028399
2024/01/28 14:38:33.076,800,32.4375,0.125,-1.0625,-0.0625,75,0.07165176
2024/01/28 14:38:33.929,857,32.4375,0.125,-1.0625,-0.03125,70,0.07028399
2024/01/28 14:38:34.784,859,32.4375,0.125,-1.0625,-0.0625,69,0.07165176
2024/01/28 14:38:35.660,880,32.4375,0.125,-1.0625,-0.0625,68,0.07165176
2024/01/28 14:38:36.501,839,32.4375,0.125,-1.0625,-0.0625,71,0.07165176
2024/01/28 14:38:37.303,800,32.4375,0.125,-1.03125,-0.0625,75,0.04067661
2024/01/28 14:38:38.125,820,32.4375,0.125,-1.0625,-0.03125,73,0.07028399
2024/01/28 14:38:38.941,819,32.4375,0.125,-1.0625,-0.0625,73,0.07165176
2024/01/28 14:38:39.745,806,32.4375,0.125,-1.0625,-0.03125,74,0.07028399
2024/01/28 14:38:40.517,774,32.4375,0.125,-1.0625,-0.03125,77,0.07028399
2024/01/28 14:38:41.296,780,32.4375,0.125,-1.0625,-0.0625,76,0.07165176
2024/01/28 14:38:42.097,801,32.4375,0.125,-1.0625,-0.0625,74,0.07165176
2024/01/28 14:38:42.941,844,32.4375,0.125,-1.0625,-0.0625,71,0.07165176
2024/01/28 14:38:43.777,835,32.4375,0.125,-1.0625,-0.03125,71,0.07028399
2024/01/28 14:38:44.558,779,32.5,0.125,-1.03125,-0.0625,77,0.04067661
2024/01/28 14:38:45.365,805,32.5,0.125,-1.0625,-0.0625,74,0.07165176
2024/01/28 14:38:46.201,837,32.5,0.125,-1.0625,-0.0625,71,0.07165176
2024/01/28 14:38:47.042,841,32.5,0.09375,-1.0625,-0.0625,71,0.06845756
2024/01/28 14:38:47.845,803,32.5,0.125,-1.03125,-0.0625,74,0.04067661
2024/01/28 14:38:48.603,758,32.5,0.125,-1.0625,-0.0625,79,0.07165176
2024/01/28 14:38:49.407,803,32.5,0.09375,-1.0625,-0.0625,74,0.06845756
2024/01/28 14:38:50.229,821,32.5,0.125,-1.0625,-0.0625,73,0.07165176
2024/01/28 14:38:51.067,841,32.5,0.125,-1.0625,-0.0625,71,0.07165176
2024/01/28 14:38:51.895,830,32.5,0.09375,-1.0625,-0.0625,72,0.06845756
2024/01/28 14:38:52.659,766,32.5,0.125,-1.0625,-0.03125,78,0.07028399
2024/01/28 14:38:53.438,779,32.5,0.125,-1.0625,-0.0625,77,0.07165176
2024/01/28 14:38:54.260,823,32.5,0.09375,-1.0625,-0.0625,72,0.06845756
2024/01/28 14:38:55.132,873,32.5,0.125,-1.0625,-0.0625,68,0.07165176
2024/01/28 14:38:55.976,843,32.5,0.125,-1.0625,-0.03125,71,0.07028399
2024/01/28 14:38:56.780,803,32.5625,0.125,-1.0625,-0.03125,74,0.07028399
2024/01/28 14:38:57.557,776,32.5625,0.125,-1.03125,-0.0625,77,0.04067661
2024/01/28 14:38:58.358,801,32.5625,0.125,-1.0625,-0.03125,74,0.07028399
2024/01/28 14:38:59.181,822,32.5625,0.125,-1.0625,-0.0625,72,0.07165176
2024/01/28 14:39:00.003,821,32.5625,0.125,-1.0625,-0.0625,73,0.07165176
2024/01/28 14:39:00.767,763,32.5625,0.125,-1.0625,-0.03125,78,0.07028399
2024/01/28 14:39:01.501,734,32.5625,0.125,-1.0625,-0.0625,81,0.07165176
2024/01/28 14:39:02.261,760,32.5625,0.125,-1.0625,-0.0625,78,0.07165176
2024/01/28 14:39:03.038,779,32.5625,0.125,-1.0625,-0.0625,77,0.07165176
2024/01/28 14:39:03.800,763,32.5625,0.09375,-1.0625,-0.03125,78,0.06708569
2024/01/28 14:39:04.523,724,32.5,0.125,-1.0625,-0.03125,82,0.07028399
2024/01/28 14:39:05.243,720,32.5,0.125,-1.0625,-0.0625,83,0.07165176
2024/01/28 14:39:05.996,754,32.5,0.125,-1.0625,-0.0625,79,0.07165176
2024/01/28 14:39:06.739,744,32.5,0.09375,-1.0625,-0.0625,80,0.06845756
2024/01/28 14:39:07.498,758,32.5,0.125,-1.0625,-0.03125,79,0.07028399
2024/01/28 14:39:08.221,723,32.5,0.125,-1.0625,-0.03125,82,0.07028399
2024/01/28 14:39:08.917,696,32.5,0.125,-1.0625,-0.03125,86,0.07028399
2024/01/28 14:39:09.624,707,32.5,0.09375,-1.0625,-0.0625,84,0.06845756
2024/01/28 14:39:10.364,739,32.5,0.09375,-1.0625,-0.0625,81,0.06845756
2024/01/28 14:39:11.141,776,32.5,0.09375,-1.0625,-0.0625,77,0.06845756
2024/01/28 14:39:11.925,784,32.5,0.125,-1.0625,-0.0625,76,0.07165176
2024/01/28 14:39:12.686,760,32.5,0.125,-1.0625,-0.0625,78,0.07165176
2024/01/28 14:39:13.404,717,32.5,0.125,-1.0625,-0.0625,83,0.07165176
2024/01/28 14:39:14.146,742,32.5,0.125,-1.03125,-0.03125,80,0.03926807
2024/01/28 14:39:14.905,759,32.5,0.125,-1.0625,-0.0625,79,0.07165176
2024/01/28 14:39:15.685,780,32.5,0.125,-1.0625,-0.0625,76,0.07165176
2024/01/28 14:39:16.431,748,32.5625,0.125,-1.0625,-0.0625,80,0.07165176
2024/01/28 14:39:17.143,713,32.5625,0.125,-1.03125,-0.03125,84,0.03926807
2024/01/28 14:39:17.861,719,32.5625,0.125,-1.0625,-0.0625,83,0.07165176
2024/01/28 14:39:18.601,740,32.5625,0.125,-1.0625,-0.03125,81,0.07028399
2024/01/28 14:39:19.346,744,32.5625,0.125,-1.03125,-0.0625,80,0.04067661
2024/01/28 14:39:20.093,746,32.5625,0.125,-1.0625,-0.0625,80,0.07165176
2024/01/28 14:39:20.824,732,32.5625,0.125,-1.0625,-0.0625,81,0.07165176
2024/01/28 14:39:21.508,684,32.5625,0.125,-1.0625,-0.0625,87,0.07165176
2024/01/28 14:39:22.245,737,32.5625,0.125,-1.0625,-0.0625,81,0.07165176
2024/01/28 14:39:22.985,740,32.5625,0.125,-1.0625,-0.0625,81,0.07165176
2024/01/28 14:39:23.766,780,32.5625,0.125,-1.0625,-0.0625,76,0.07165176
2024/01/28 14:39:24.547,780,32.5625,0.125,-1.0625,-0.0625,76,0.07165176
2024/01/28 14:39:25.287,739,32.5625,0.125,-1.0625,-0.03125,81,0.07028399
2024/01/28 14:39:25.991,704,32.5625,0.125,-1.0625,-0.0625,85,0.07165176
2024/01/28 14:39:26.748,757,32.5625,0.125,-1.0625,-0.0625,79,0.07165176
2024/01/28 14:39:27.530,784,32.5625,0.125,-1.0625,-0.0625,76,0.07165176
2024/01/28 14:39:28.327,799,32.5625,0.125,-1.03125,-0.0625,75,0.04067661
2024/01/28 14:39:29.125,800,32.5625,0.125,-1.0625,-0.0625,75,0.07165176
2024/01/28 14:39:29.872,740,32.5625,0.125,-1.0625,-0.03125,81,0.07028399
2024/01/28 14:39:30.579,700,32.5625,0.125,-1.0625,-0.09375,85,0.07392752
2024/01/28 14:39:31.307,721,32.5625,0.125,-1.0625,-0.0625,83,0.07165176
2024/01/28 14:39:32.058,757,32.625,0.125,-1.0625,-0.03125,79,0.07028399
2024/01/28 14:39:32.853,802,32.625,0.125,-1.0625,-0.0625,74,0.07165176
2024/01/28 14:39:33.668,822,32.625,0.125,-1.0625,-0.0625,72,0.07165176
2024/01/28 14:39:34.463,795,32.625,0.125,-1.0625,-0.03125,75,0.07028399
2024/01/28 14:39:35.242,779,32.625,0.125,-1.0625,-0.0625,77,0.07165176
2024/01/28 14:39:36.043,801,32.5625,0.125,-1.0625,-0.03125,74,0.07028399
2024/01/28 14:39:36.842,799,32.5625,0.125,-1.0625,-0.0625,75,0.07165176
2024/01/28 14:39:37.608,767,32.5625,0.125,-1.03125,-0.0625,78,0.04067661
2024/01/28 14:39:38.340,733,32.5625,0.125,-1.0625,-0.03125,81,0.07028399
2024/01/28 14:39:39.062,723,32.5625,0.125,-1.0625,-0.03125,82,0.07028399
2024/01/28 14:39:39.803,742,32.5625,0.125,-1.0625,-0.0625,80,0.07165176
2024/01/28 14:39:40.564,762,32.625,0.125,-1.0625,-0.0625,78,0.07165176
2024/01/28 14:39:41.317,752,32.625,0.125,-1.0625,-0.0625,79,0.07165176
2024/01/28 14:39:42.019,701,32.625,0.125,-1.03125,-0.03125,85,0.03926807
2024/01/28 14:39:42.700,680,32.625,0.125,-1.03125,-0.03125,88,0.03926807
2024/01/28 14:39:43.396,697,32.625,0.125,-1.0625,-0.0625,86,0.07165176
2024/01/28 14:39:44.099,704,32.625,0.125,-1.0625,-0.0625,85,0.07165176
2024/01/28 14:39:44.835,737,32.625,0.125,-1.0625,-0.0625,81,0.07165176
2024/01/28 14:39:45.597,759,32.625,0.125,-1.0625,-0.0625,79,0.07165176
2024/01/28 14:39:46.358,759,32.625,0.125,-1.0625,-0.0625,79,0.07165176
2024/01/28 14:39:47.101,741,32.625,0.125,-1.03125,-0.03125,80,0.03926807
2024/01/28 14:39:47.897,798,32.625,0.125,-1.0625,-0.0625,75,0.07165176
2024/01/28 14:39:48.755,859,32.625,0.125,-1.0625,-0.0625,69,0.07165176
2024/01/28 14:39:49.581,827,32.625,0.125,-1.0625,-0.03125,72,0.07028399
2024/01/28 14:39:50.359,779,32.625,0.125,-1.0625,-0.0625,77,0.07165176
2024/01/28 14:39:51.096,737,32.625,0.125,-1.0625,-0.0625,81,0.07165176
2024/01/28 14:39:51.852,756,32.625,0.125,-1.0625,-0.0625,79,0.07165176
2024/01/28 14:39:52.610,757,32.625,0.125,-1.0625,-0.0625,79,0.07165176
2024/01/28 14:39:53.373,762,32.625,0.125,-1.0625,-0.0625,78,0.07165176
2024/01/28 14:39:54.115,741,32.625,0.125,-1.0625,-0.0625,80,0.07165176
2024/01/28 14:39:54.831,716,32.625,0.125,-1.0625,-0.03125,83,0.07028399
2024/01/28 14:39:55.555,725,32.625,0.125,-1.0625,-0.03125,82,0.07028399
2024/01/28 14:39:56.308,754,32.6875,0.125,-1.0625,-0.0625,79,0.07165176
2024/01/28 14:39:57.087,780,32.6875,0.125,-1.0625,-0.0625,76,0.07165176
2024/01/28 14:39:57.851,765,32.6875,0.125,-1.0625,-0.0625,78,0.07165176
2024/01/28 14:39:58.603,753,32.6875,0.125,-1.0625,-0.0625,79,0.07165176
2024/01/28 14:39:59.387,782,32.6875,0.125,-1.0625,-0.0625,76,0.07165176
2024/01/28 14:40:00.170,782,32.6875,0.125,-1.0625,-0.0625,76,0.07165176
2024/01/28 14:40:00.948,777,32.6875,0.125,-1.03125,-0.0625,77,0.04067661
2024/01/28 14:40:01.688,741,32.6875,0.125,-1.0625,-0.0625,80,0.07165176
2024/01/28 14:40:02.411,724,32.6875,0.125,-1.03125,-0.03125,82,0.03926807
2024/01/28 14:40:03.149,739,32.6875,0.125,-1.0625,-0.03125,81,0.07028399
2024/01/28 14:40:03.902,754,32.6875,0.09375,-1.0625,-0.0625,79,0.06845756
2024/01/28 14:40:04.647,745,32.75,0.125,-1.0625,-0.0625,80,0.07165176
2024/01/28 14:40:05.403,756,32.75,0.125,-1.03125,-0.0625,79,0.04067661
2024/01/28 14:40:06.126,722,32.75,0.125,-1.0625,-0.0625,83,0.07165176
2024/01/28 14:40:06.826,700,32.75,0.125,-1.0625,-0.0625,85,0.07165176
2024/01/28 14:40:07.548,722,32.75,0.125,-1.0625,-0.0625,83,0.07165176
2024/01/28 14:40:08.300,753,32.6875,0.125,-1.0625,-0.0625,79,0.07165176
2024/01/28 14:40:09.086,787,32.6875,0.125,-1.0625,-0.0625,76,0.07165176
2024/01/28 14:40:09.877,792,32.6875,0.125,-1.03125,-0.0625,75,0.04067661
2024/01/28 14:40:10.660,783,32.6875,0.125,-1.0625,-0.0625,76,0.07165176
2024/01/28 14:40:11.479,818,32.6875,0.125,-1.0625,-0.03125,73,0.07028399
2024/01/28 14:40:12.299,819,32.6875,0.125,-1.0625,-0.0625,73,0.07165176
2024/01/28 14:40:13.059,758,32.6875,0.125,-1.0625,-0.0625,79,0.07165176
2024/01/28 14:40:13.786,726,32.6875,0.125,-1.0625,-0.0625,82,0.07165176
2024/01/28 14:40:14.548,761,32.6875,0.125,-1.0625,-0.0625,78,0.07165176
2024/01/28 14:40:15.306,758,32.6875,0.125,-1.0625,-0.09375,79,0.07392752
2024/01/28 14:40:16.072,766,32.6875,0.125,-1.0625,-0.0625,78,0.07165176
2024/01/28 14:40:16.828,756,32.6875,0.125,-1.03125,-0.0625,79,0.04067661
2024/01/28 14:40:17.548,721,32.6875,0.125,-1.0625,-0.03125,83,0.07028399
2024/01/28 14:40:18.283,736,32.6875,0.125,-1.0625,-0.03125,81,0.07028399
2024/01/28 14:40:19.043,761,32.6875,0.125,-1.0625,-0.0625,78,0.07165176
2024/01/28 14:40:19.826,784,32.6875,0.125,-1.0625,-0.0625,76,0.07165176
2024/01/28 14:40:20.610,786,32.6875,0.125,-1.0625,-0.0625,76,0.07165176
2024/01/28 14:40:21.363,755,32.6875,0.125,-1.0625,-0.0625,79,0.07165176
2024/01/28 14:40:22.108,739,32.6875,0.125,-1.0625,-0.0625,81,0.07165176
2024/01/28 14:40:22.878,765,32.6875,0.125,-1.0625,-0.0625,78,0.07165176
2024/01/28 14:40:23.666,783,32.6875,0.125,-1.03125,-0.0625,76,0.04067661
2024/01/28 14:40:24.457,796,32.75,0.125,-1.0625,-0.03125,75,0.07028399
2024/01/28 14:40:25.211,760,32.75,0.125,-1.0625,-0.0625,78,0.07165176
2024/01/28 14:40:25.948,742,32.75,0.125,-1.0625,-0.03125,80,0.07028399
2024/01/28 14:40:26.728,779,32.75,0.125,-1.0625,-0.0625,77,0.07165176
2024/01/28 14:40:27.515,786,32.75,0.125,-1.0625,-0.0625,76,0.07165176
2024/01/28 14:40:28.315,799,32.6875,0.09375,-1.0625,-0.0625,75,0.06845756
2024/01/28 14:40:29.092,776,32.6875,0.125,-1.0625,-0.03125,77,0.07028399
2024/01/28 14:40:29.817,725,32.6875,0.125,-1.0625,-0.0625,82,0.07165176
2024/01/28 14:40:30.581,764,32.6875,0.125,-1.0625,-0.0625,78,0.07165176
2024/01/28 14:40:31.360,781,32.6875,0.125,-1.0625,-0.0625,76,0.07165176
2024/01/28 14:40:32.159,800,32.75,0.125,-1.0625,-0.0625,75,0.07165176
2024/01/28 14:40:32.915,757,32.75,0.125,-1.0625,-0.0625,79,0.07165176
2024/01/28 14:40:33.636,720,32.75,0.125,-1.0625,-0.03125,83,0.07028399
2024/01/28 14:40:34.374,738,32.75,0.125,-1.0625,-0.0625,81,0.07165176
2024/01/28 14:40:35.117,743,32.75,0.125,-1.0625,-0.03125,80,0.07028399
2024/01/28 14:40:35.878,760,32.75,0.125,-1.0625,-0.0625,78,0.07165176
2024/01/28 14:40:36.624,744,32.75,0.125,-1.0625,-0.0625,80,0.07165176
2024/01/28 14:40:37.347,721,32.75,0.125,-1.0625,-0.03125,83,0.07028399
2024/01/28 14:40:38.104,757,32.75,0.125,-1.0625,-0.0625,79,0.07165176
2024/01/28 14:40:38.865,762,32.75,0.09375,-1.0625,-0.0625,78,0.06845756
2024/01/28 14:40:39.651,787,32.75,0.125,-1.0625,-0.0625,76,0.07165176
2024/01/28 14:40:40.412,760,32.8125,0.125,-1.0625,-0.0625,78,0.07165176
2024/01/28 14:40:41.145,733,32.8125,0.125,-1.0625,-0.0625,81,0.07165176
2024/01/28 14:40:41.867,722,32.8125,0.125,-1.0625,-0.03125,83,0.07028399
2024/01/28 14:40:42.595,728,32.8125,0.125,-1.0625,-0.0625,82,0.07165176
2024/01/28 14:40:43.336,742,32.8125,0.125,-1.0625,-0.0625,80,0.07165176
2024/01/28 14:40:44.107,772,32.8125,0.125,-1.0625,-0.0625,77,0.07165176
2024/01/28 14:40:44.834,727,32.8125,0.125,-1.0625,-0.0625,82,0.07165176
2024/01/28 14:40:45.552,719,32.8125,0.125,-1.0625,-0.03125,83,0.07028399
2024/01/28 14:40:46.316,765,32.8125,0.125,-1.0625,-0.0625,78,0.07165176
2024/01/28 14:40:47.098,781,32.8125,0.125,-1.0625,-0.0625,76,0.07165176
2024/01/28 14:40:47.921,822,32.8125,0.125,-1.0625,-0.0625,72,0.07165176
2024/01/28 14:40:48.739,817,32.8125,0.125,-1.03125,-0.0625,73,0.04067661
2024/01/28 14:40:49.498,758,32.8125,0.125,-1.0625,-0.0625,79,0.07165176
2024/01/28 14:40:50.259,761,32.8125,0.09375,-1.0625,-0.0625,78,0.06845756
2024/01/28 14:40:51.021,762,32.8125,0.125,-1.0625,-0.0625,78,0.07165176
2024/01/28 14:40:51.802,783,32.8125,0.09375,-1.0625,-0.0625,76,0.06845756
2024/01/28 14:40:52.579,778,32.875,0.125,-1.0625,-0.0625,77,0.07165176
2024/01/28 14:40:53.299,721,32.875,0.125,-1.0625,-0.0625,83,0.07165176
2024/01/28 14:40:54.002,701,32.875,0.125,-1.0625,-0.03125,85,0.07028399
2024/01/28 14:40:54.730,727,32.875,0.125,-1.0625,-0.0625,82,0.07165176
2024/01/28 14:40:55.509,778,32.875,0.125,-1.0625,-0.0625,77,0.07165176
2024/01/28 14:40:56.304,798,32.8125,0.125,-1.0625,-0.0625,75,0.07165176
2024/01/28 14:40:57.089,787,32.8125,0.125,-1.03125,-0.0625,76,0.04067661
2024/01/28 14:40:57.843,756,32.8125,0.09375,-1.0625,-0.0625,79,0.06845756
2024/01/28 14:40:58.549,704,32.8125,0.125,-1.0625,-0.03125,85,0.07028399
2024/01/28 14:40:59.270,720,32.8125,0.09375,-1.03125,-0.03125,83,0.03597403
2024/01/28 14:41:00.011,740,32.8125,0.125,-1.0625,-0.0625,81,0.07165176
2024/01/28 14:41:00.770,759,32.8125,0.125,-1.0625,-0.0625,79,0.07165176
2024/01/28 14:41:01.550,781,32.8125,0.125,-1.0625,-0.0625,76,0.07165176
2024/01/28 14:41:02.291,742,32.8125,0.125,-1.0625,-0.0625,80,0.07165176
2024/01/28 14:41:03.040,748,32.8125,0.125,-1.0625,-0.03125,80,0.07028399
2024/01/28 14:41:03.796,756,32.8125,0.125,-1.0625,-0.0625,79,0.07165176
2024/01/28 14:41:04.541,745,32.8125,0.125,-1.03125,-0.0625,80,0.04067661
2024/01/28 14:41:05.256,716,32.8125,0.125,-1.0625,-0.03125,83,0.07028399
2024/01/28 14:41:05.942,686,32.8125,0.125,-1.0625,-0.0625,87,0.07165176
2024/01/28 14:41:06.643,701,32.8125,0.125,-1.0625,-0.0625,85,0.07165176
2024/01/28 14:41:07.380,735,32.8125,0.125,-1.0625,-0.0625,81,0.07165176
2024/01/28 14:41:08.145,764,32.875,0.125,-1.0625,-0.0625,78,0.07165176
2024/01/28 14:41:08.948,802,32.875,0.125,-1.0625,-0.0625,74,0.07165176
2024/01/28 14:41:09.687,740,32.875,0.125,-1.0625,-0.03125,81,0.07028399
2024/01/28 14:41:10.408,722,32.875,0.125,-1.0625,-0.03125,83,0.07028399
2024/01/28 14:41:11.149,742,32.875,0.125,-1.0625,-0.0625,80,0.07165176
2024/01/28 14:41:11.906,757,32.875,0.125,-1.0625,-0.0625,79,0.07165176
2024/01/28 14:41:12.674,767,32.875,0.125,-1.0625,-0.0625,78,0.07165176
2024/01/28 14:41:13.429,754,32.875,0.125,-1.0625,-0.0625,79,0.07165176
2024/01/28 14:41:14.132,703,32.875,0.125,-1.03125,-0.0625,85,0.04067661
2024/01/28 14:41:14.837,704,32.875,0.09375,-1.0625,-0.0625,85,0.06845756
2024/01/28 14:41:15.557,719,32.875,0.125,-1.0625,-0.0625,83,0.07165176
2024/01/28 14:41:16.295,738,32.8125,0.125,-1.0625,-0.0625,81,0.07165176
2024/01/28 14:41:17.036,740,32.8125,0.125,-1.0625,-0.0625,81,0.07165176
2024/01/28 14:41:17.741,704,32.8125,0.125,-1.0625,-0.03125,85,0.07028399
2024/01/28 14:41:18.433,696,32.8125,0.125,-1.0625,-0.0625,86,0.07165176
2024/01/28 14:41:19.154,724,32.8125,0.125,-1.0625,-0.0625,82,0.07165176
2024/01/28 14:41:19.909,758,32.8125,0.09375,-1.0625,-0.0625,79,0.06845756
2024/01/28 14:41:20.692,779,32.8125,0.125,-1.0625,-0.0625,77,0.07165176
2024/01/28 14:41:21.437,741,32.8125,0.09375,-1.0625,-0.0625,80,0.06845756
2024/01/28 14:41:22.162,721,32.8125,0.125,-1.0625,-0.03125,83,0.07028399
2024/01/28 14:41:22.848,687,32.8125,0.125,-1.0625,-0.0625,87,0.07165176
2024/01/28 14:41:23.544,697,32.8125,0.125,-1.0625,-0.0625,86,0.07165176
2024/01/28 14:41:24.245,702,32.875,0.125,-1.0625,-0.0625,85,0.07165176
2024/01/28 14:41:24.919,677,32.875,0.125,-1.0625,-0.0625,88,0.07165176
2024/01/28 14:41:25.597,680,32.875,0.125,-1.03125,-0.0625,88,0.04067661
2024/01/28 14:41:26.317,722,32.875,0.125,-1.03125,-0.03125,83,0.03926807
2024/01/28 14:41:27.060,745,32.875,0.125,-1.0625,-0.03125,80,0.07028399
2024/01/28 14:41:27.836,777,32.875,0.125,-1.0625,-0.0625,77,0.07165176
2024/01/28 14:41:28.612,777,32.875,0.125,-1.0625,-0.0625,77,0.07165176
2024/01/28 14:41:29.333,721,32.875,0.125,-1.0625,-0.0625,83,0.07165176
2024/01/28 14:41:30.059,726,32.875,0.125,-1.0625,-0.03125,82,0.07028399
2024/01/28 14:41:30.819,760,32.875,0.125,-1.0625,-0.0625,78,0.07165176
2024/01/28 14:41:31.595,774,32.875,0.125,-1.03125,-0.0625,77,0.04067661
2024/01/28 14:41:32.379,783,32.8125,0.09375,-1.0625,-0.0625,76,0.06845756
2024/01/28 14:41:33.139,759,32.8125,0.125,-1.0625,-0.0625,79,0.07165176
2024/01/28 14:41:33.898,759,32.8125,0.125,-1.0625,-0.0625,79,0.07165176
2024/01/28 14:41:34.698,801,32.8125,0.125,-1.0625,-0.0625,74,0.07165176
2024/01/28 14:41:35.500,803,32.8125,0.125,-1.03125,-0.0625,74,0.04067661
2024/01/28 14:41:36.262,762,32.875,0.125,-1.03125,-0.0625,78,0.04067661
2024/01/28 14:41:37.004,742,32.875,0.125,-1.0625,-0.03125,80,0.07028399
2024/01/28 14:41:37.805,801,32.875,0.125,-1.0625,-0.0625,74,0.07165176
2024/01/28 14:41:38.618,815,32.875,0.125,-1.0625,-0.0625,73,0.07165176
2024/01/28 14:41:39.403,786,32.875,0.125,-1.0625,-0.0625,76,0.07165176
2024/01/28 14:41:40.139,737,32.875,0.125,-1.0625,-0.03125,81,0.07028399
2024/01/28 14:41:40.859,718,32.875,0.125,-1.0625,-0.0625,83,0.07165176
2024/01/28 14:41:41.598,738,32.875,0.125,-1.0625,-0.0625,81,0.07165176
2024/01/28 14:41:42.325,726,32.875,0.125,-1.0625,-0.0625,82,0.07165176
2024/01/28 14:41:43.027,703,32.875,0.125,-1.0625,-0.0625,85,0.07165176
2024/01/28 14:41:43.742,715,32.875,0.125,-1.0625,-0.0625,83,0.07165176
2024/01/28 14:41:44.501,759,32.875,0.125,-1.0625,-0.0625,79,0.07165176
2024/01/28 14:41:45.293,786,32.875,0.09375,-1.0625,-0.0625,76,0.06845756
2024/01/28 14:41:46.111,811,32.875,0.125,-1.0625,-0.0625,73,0.07165176
2024/01/28 14:41:46.859,742,32.875,0.125,-1.0625,-0.03125,80,0.07028399
2024/01/28 14:41:47.578,724,32.875,0.125,-1.0625,-0.03125,82,0.07028399
2024/01/28 14:41:48.332,760,32.875,0.125,-1.0625,-0.0625,78,0.07165176
2024/01/28 14:41:49.100,774,32.875,0.125,-1.0625,-0.0625,77,0.07165176
2024/01/28 14:41:49.848,748,32.875,0.125,-1.0625,-0.0625,80,0.07165176
2024/01/28 14:41:50.567,719,32.875,0.125,-1.03125,-0.0625,83,0.04067661
2024/01/28 14:41:51.267,700,32.875,0.125,-1.03125,-0.03125,85,0.03926807
2024/01/28 14:41:52.000,733,32.875,0.125,-1.0625,-0.03125,81,0.07028399
2024/01/28 14:41:52.741,742,32.875,0.125,-1.0625,-0.0625,80,0.07165176
2024/01/28 14:41:53.485,745,32.875,0.09375,-1.0625,-0.0625,80,0.06845756
2024/01/28 14:41:54.240,756,32.875,0.125,-1.03125,-0.0625,79,0.04067661
2024/01/28 14:41:54.945,705,32.875,0.125,-1.0625,-0.03125,85,0.07028399
2024/01/28 14:41:55.659,714,32.875,0.125,-1.0625,-0.0625,84,0.07165176
2024/01/28 14:41:56.399,740,32.9375,0.125,-1.0625,-0.0625,81,0.07165176
2024/01/28 14:41:57.144,746,32.9375,0.125,-1.0625,-0.0625,80,0.07165176
2024/01/28 14:41:57.915,772,32.9375,0.125,-1.0625,-0.03125,77,0.07028399
2024/01/28 14:41:58.661,745,32.9375,0.125,-1.0625,-0.0625,80,0.07165176
2024/01/28 14:41:59.378,717,32.9375,0.125,-1.0625,-0.03125,83,0.07028399
2024/01/28 14:42:00.117,739,32.875,0.125,-1.03125,-0.0625,81,0.04067661
2024/01/28 14:42:00.858,742,32.875,0.125,-1.03125,-0.0625,80,0.04067661
2024/01/28 14:42:01.612,754,32.875,0.125,-1.0625,-0.0625,79,0.07165176
2024/01/28 14:42:02.333,721,32.875,0.125,-1.0625,-0.03125,83,0.07028399
2024/01/28 14:42:03.015,682,32.875,0.125,-1.0625,-0.0625,87,0.07165176
2024/01/28 14:42:03.733,717,32.875,0.125,-1.0625,-0.0625,83,0.07165176
2024/01/28 14:42:04.460,726,32.9375,0.09375,-1.0625,-0.0625,82,0.06845756
2024/01/28 14:42:05.215,755,32.9375,0.09375,-1.03125,-0.0625,79,0.03738704
2024/01/28 14:42:05.952,737,32.9375,0.125,-1.0625,-0.0625,81,0.07165176
2024/01/28 14:42:06.652,700,32.9375,0.125,-1.0625,-0.0625,85,0.07165176
2024/01/28 14:42:07.355,702,32.9375,0.125,-1.0625,-0.0625,85,0.07165176
2024/01/28 14:42:08.091,735,33,0.125,-1.0625,-0.0625,81,0.07165176
2024/01/28 14:42:08.852,760,33,0.125,-1.0625,-0.0625,78,0.07165176
2024/01/28 14:42:09.596,746,33,0.125,-1.0625,-0.0625,80,0.07165176
2024/01/28 14:42:10.333,739,33,0.125,-1.0625,-0.03125,81,0.07028399
2024/01/28 14:42:11.107,776,33,0.125,-1.0625,-0.0625,77,0.07165176
2024/01/28 14:42:11.911,803,33,0.125,-1.0625,-0.0625,74,0.07165176
2024/01/28 14:42:12.733,822,32.9375,0.125,-1.0625,-0.03125,72,0.07028399
2024/01/28 14:42:13.493,760,32.9375,0.125,-1.0625,-0.0625,78,0.07165176
2024/01/28 14:42:14.254,759,32.9375,0.125,-1.0625,-0.03125,79,0.07028399
2024/01/28 14:42:15.032,775,32.9375,0.125,-1.0625,-0.0625,77,0.07165176
2024/01/28 14:42:15.797,762,32.9375,0.125,-1.0625,-0.0625,78,0.07165176
2024/01/28 14:42:16.550,756,32.9375,0.125,-1.0625,-0.0625,79,0.07165176
2024/01/28 14:42:17.252,704,32.9375,0.125,-1.0625,-0.0625,85,0.07165176
2024/01/28 14:42:17.964,714,32.9375,0.125,-1.03125,-0.0625,84,0.04067661
2024/01/28 14:42:18.687,724,32.9375,0.125,-1.0625,-0.0625,82,0.07165176
2024/01/28 14:42:19.442,756,32.9375,0.125,-1.0625,-0.0625,79,0.07165176
2024/01/28 14:42:20.187,746,32.9375,0.125,-1.0625,-0.0625,80,0.07165176
2024/01/28 14:42:20.964,775,32.9375,0.125,-1.03125,-0.0625,77,0.04067661
2024/01/28 14:42:21.705,740,32.9375,0.125,-1.0625,-0.0625,81,0.07165176
2024/01/28 14:42:22.445,739,32.9375,0.125,-1.0625,-0.03125,81,0.07028399
2024/01/28 14:42:23.205,761,32.9375,0.125,-1.0625,-0.03125,78,0.07028399
2024/01/28 14:42:23.983,778,32.9375,0.125,-1.0625,-0.0625,77,0.07165176
2024/01/28 14:42:24.747,764,32.9375,0.125,-1.0625,-0.0625,78,0.07165176
2024/01/28 14:42:25.485,738,32.9375,0.125,-1.0625,-0.03125,81,0.07028399
2024/01/28 14:42:26.183,699,32.9375,0.125,-1.0625,-0.0625,85,0.07165176
2024/01/28 14:42:26.900,718,32.9375,0.125,-1.03125,-0.0625,83,0.04067661
2024/01/28 14:42:27.640,740,32.9375,0.125,-1.0625,-0.0625,81,0.07165176
2024/01/28 14:42:28.384,744,33,0.125,-1.0625,-0.0625,80,0.07165176
2024/01/28 14:42:29.123,739,33,0.125,-1.0625,-0.0625,81,0.07165176
2024/01/28 14:42:29.841,718,33,0.125,-1.0625,-0.0625,83,0.07165176
2024/01/28 14:42:30.567,727,33,0.09375,-1.0625,-0.0625,82,0.06845756
2024/01/28 14:42:31.347,781,33,0.125,-1.0625,-0.0625,76,0.07165176
2024/01/28 14:42:32.142,795,32.9375,0.125,-1.0625,-0.0625,75,0.07165176
2024/01/28 14:42:32.958,817,32.9375,0.125,-1.0625,-0.0625,73,0.07165176
2024/01/28 14:42:33.723,766,32.9375,0.125,-1.0625,-0.03125,78,0.07028399
2024/01/28 14:42:34.463,738,32.9375,0.125,-1.0625,-0.03125,81,0.07028399
2024/01/28 14:42:35.238,774,32.9375,0.125,-1.0625,-0.0625,77,0.07165176
2024/01/28 14:42:35.988,749,33,0.125,-1.0625,-0.0625,80,0.07165176
2024/01/28 14:42:36.742,753,33,0.125,-1.0625,-0.0625,79,0.07165176
2024/01/28 14:42:37.451,708,33,0.125,-1.0625,-0.0625,84,0.07165176
2024/01/28 14:42:38.163,711,33,0.09375,-1.03125,-0.03125,84,0.03597403
2024/01/28 14:42:38.884,722,33,0.125,-1.0625,-0.0625,83,0.07165176
2024/01/28 14:42:39.620,738,33,0.09375,-1.0625,-0.0625,81,0.06845756
2024/01/28 14:42:40.381,763,32.9375,0.125,-1.0625,-0.0625,78,0.07165176
2024/01/28 14:42:41.137,757,32.9375,0.125,-1.0625,-0.0625,79,0.07165176
2024/01/28 14:42:41.861,724,32.9375,0.125,-1.0625,-0.0625,82,0.07165176
2024/01/28 14:42:42.595,734,32.9375,0.125,-1.03125,-0.0625,81,0.04067661
2024/01/28 14:42:43.358,763,32.9375,0.09375,-1.03125,-0.0625,78,0.03738704
2024/01/28 14:42:44.133,776,32.9375,0.125,-1.0625,-0.0625,77,0.07165176
2024/01/28 14:42:44.899,767,32.9375,0.125,-1.0625,-0.0625,78,0.07165176
2024/01/28 14:42:45.637,737,32.9375,0.125,-1.03125,-0.0625,81,0.04067661
2024/01/28 14:42:46.353,716,32.9375,0.125,-1.0625,-0.03125,83,0.07028399
2024/01/28 14:42:47.093,740,32.9375,0.125,-1.0625,-0.0625,81,0.07165176
2024/01/28 14:42:47.838,744,32.9375,0.125,-1.0625,-0.03125,80,0.07028399
2024/01/28 14:42:48.598,758,33,0.125,-1.0625,-0.0625,79,0.07165176
2024/01/28 14:42:49.315,715,33,0.125,-1.0625,-0.0625,83,0.07165176
2024/01/28 14:42:49.999,685,33,0.125,-1.0625,-0.0625,87,0.07165176
2024/01/28 14:42:50.696,699,33,0.125,-1.03125,-0.03125,85,0.03926807
2024/01/28 14:42:51.428,734,33,0.125,-1.0625,-0.0625,81,0.07165176
2024/01/28 14:42:52.168,740,33,0.125,-1.0625,-0.0625,81,0.07165176
2024/01/28 14:42:52.944,776,33,0.125,-1.0625,-0.0625,77,0.07165176
2024/01/28 14:42:53.667,723,33,0.125,-1.0625,-0.0625,82,0.07165176
2024/01/28 14:42:54.368,699,33,0.125,-1.0625,-0.03125,85,0.07028399
2024/01/28 14:42:55.090,721,33,0.125,-1.0625,-0.0625,83,0.07165176
2024/01/28 14:42:55.845,754,33,0.125,-1.03125,-0.03125,79,0.03926807
2024/01/28 14:42:56.624,780,33.0625,0.125,-1.0625,-0.0625,76,0.07165176
2024/01/28 14:42:57.427,803,33.0625,0.125,-1.0625,-0.0625,74,0.07165176
2024/01/28 14:42:58.181,754,33.0625,0.125,-1.0625,-0.03125,79,0.07028399
2024/01/28 14:42:58.908,727,33.0625,0.125,-1.03125,-0.0625,82,0.04067661
2024/01/28 14:42:59.682,773,33.0625,0.125,-1.0625,-0.0625,77,0.07165176
2024/01/28 14:43:00.445,762,33.0625,0.125,-1.0625,-0.0625,78,0.07165176
2024/01/28 14:43:01.200,758,33.0625,0.09375,-1.0625,-0.0625,79,0.06845756
2024/01/28 14:43:01.915,717,33.0625,0.125,-1.0625,-0.0625,83,0.07165176
2024/01/28 14:43:02.613,700,33.0625,0.125,-1.0625,-0.03125,85,0.07028399
2024/01/28 14:43:03.355,736,33.0625,0.125,-1.0625,-0.0625,81,0.07165176
2024/01/28 14:43:04.085,723,33.0625,0.125,-1.0625,-0.0625,82,0.07165176
2024/01/28 14:43:04.811,719,33.0625,0.125,-1.0625,-0.03125,83,0.07028399
2024/01/28 14:43:05.502,695,33.0625,0.125,-1.0625,-0.03125,86,0.07028399
2024/01/28 14:43:06.161,662,33.0625,0.125,-1.0625,-0.0625,90,0.07165176
2024/01/28 14:43:06.837,679,33.0625,0.125,-1.0625,-0.0625,88,0.07165176
2024/01/28 14:43:07.535,700,33.0625,0.125,-1.0625,-0.0625,85,0.07165176
2024/01/28 14:43:08.249,715,33.0625,0.125,-1.0625,-0.0625,83,0.07165176
2024/01/28 14:43:08.947,699,33.0625,0.09375,-1.0625,-0.0625,85,0.06845756
2024/01/28 14:43:09.624,679,33.0625,0.125,-1.03125,-0.0625,88,0.04067661
2024/01/28 14:43:10.320,699,33.0625,0.125,-1.0625,-0.03125,85,0.07028399
2024/01/28 14:43:11.035,718,33.0625,0.125,-1.0625,-0.0625,83,0.07165176
2024/01/28 14:43:11.758,720,33.0625,0.125,-1.0625,-0.0625,83,0.07165176
2024/01/28 14:43:12.466,706,33.0625,0.125,-1.0625,-0.0625,84,0.07165176
2024/01/28 14:43:13.148,680,33.0625,0.125,-1.03125,-0.0625,88,0.04067661
2024/01/28 14:43:13.838,691,33.0625,0.125,-1.0625,-0.03125,86,0.07028399
2024/01/28 14:43:14.525,688,33.0625,0.09375,-1.0625,-0.0625,87,0.06845756
2024/01/28 14:43:15.237,713,33.0625,0.125,-1.0625,-0.0625,84,0.07165176
2024/01/28 14:43:15.940,698,33,0.125,-1.0625,-0.0625,85,0.07165176
2024/01/28 14:43:16.613,667,33,0.125,-1.0625,-0.0625,89,0.07165176
2024/01/28 14:43:17.292,673,33,0.125,-1.0625,-0.03125,89,0.07028399
2024/01/28 14:43:17.966,680,33,0.09375,-1.0625,-0.0625,88,0.06845756
2024/01/28 14:43:18.677,716,33,0.125,-1.0625,-0.0625,83,0.07165176
2024/01/28 14:43:19.379,707,33,0.125,-1.0625,-0.0625,84,0.07165176
2024/01/28 14:43:20.093,715,33.0625,0.125,-1.0625,-0.0625,83,0.07165176
2024/01/28 14:43:20.772,681,33.0625,0.125,-1.0625,-0.0625,88,0.07165176
2024/01/28 14:43:21.468,698,33.0625,0.125,-1.0625,-0.0625,85,0.07165176
2024/01/28 14:43:22.186,717,33.0625,0.125,-1.0625,-0.0625,83,0.07165176
2024/01/28 14:43:22.891,704,33.0625,0.125,-1.0625,-0.0625,85,0.07165176
2024/01/28 14:43:23.589,697,33.0625,0.125,-1.0625,-0.0625,86,0.07165176
2024/01/28 14:43:24.253,663,33.0625,0.125,-1.03125,-0.03125,90,0.03926807
2024/01/28 14:43:24.930,675,33.0625,0.125,-1.0625,-0.0625,88,0.07165176
2024/01/28 14:43:25.597,665,33.0625,0.125,-1.03125,-0.0625,90,0.04067661
2024/01/28 14:43:26.269,675,33.0625,0.125,-1.0625,-0.0625,88,0.07165176
2024/01/28 14:43:26.928,661,33.0625,0.125,-1.0625,-0.0625,90,0.07165176
2024/01/28 14:43:27.572,646,33.0625,0.125,-1.0625,-0.0625,92,0.07165176
2024/01/28 14:43:28.224,653,33,0.125,-1.0625,-0.0625,91,0.07165176
2024/01/28 14:43:28.881,658,33,0.125,-1.03125,-0.03125,91,0.03926807
2024/01/28 14:43:29.547,667,33,0.125,-1.0625,-0.0625,89,0.07165176
2024/01/28 14:43:30.244,695,33,0.125,-1.0625,-0.0625,86,0.07165176
2024/01/28 14:43:30.944,699,33,0.125,-1.0625,-0.0625,85,0.07165176
2024/01/28 14:43:31.612,667,33,0.125,-1.0625,-0.0625,89,0.07165176
2024/01/28 14:43:32.289,676,33.0625,0.125,-1.0625,-0.03125,88,0.07028399
2024/01/28 14:43:32.991,701,33.0625,0.125,-1.0625,-0.0625,85,0.07165176
2024/01/28 14:43:33.708,716,33.0625,0.125,-1.0625,-0.0625,83,0.07165176
2024/01/28 14:43:34.429,721,33.0625,0.125,-1.0625,-0.0625,83,0.07165176
2024/01/28 14:43:35.112,683,33.0625,0.125,-1.03125,-0.0625,87,0.04067661
2024/01/28 14:43:35.787,675,33.0625,0.125,-1.0625,-0.03125,88,0.07028399
2024/01/28 14:43:36.452,665,33.0625,0.125,-1.0625,-0.03125,90,0.07028399
2024/01/28 14:43:37.130,679,33.0625,0.125,-1.03125,-0.0625,88,0.04067661
2024/01/28 14:43:37.827,698,33.0625,0.125,-1.0625,-0.0625,85,0.07165176
2024/01/28 14:43:38.533,705,33.0625,0.09375,-1.0625,-0.0625,85,0.06845756
2024/01/28 14:43:39.213,680,33.0625,0.125,-1.0625,-0.03125,88,0.07028399
2024/01/28 14:43:39.891,678,33.125,0.125,-1.03125,-0.0625,88,0.04067661
2024/01/28 14:43:40.590,699,33.125,0.125,-1.0625,-0.0625,85,0.07165176
2024/01/28 14:43:41.310,721,33.125,0.125,-1.0625,-0.0625,83,0.07165176
2024/01/28 14:43:42.045,736,33.125,0.125,-1.0625,-0.0625,81,0.07165176
2024/01/28 14:43:42.729,686,33.125,0.125,-1.0625,-0.0625,87,0.07165176
2024/01/28 14:43:43.408,680,33.125,0.125,-1.0625,-0.0625,88,0.07165176
2024/01/28 14:43:44.123,716,33.0625,0.125,-1.0625,-0.0625,83,0.07165176
2024/01/28 14:43:44.844,719,33.0625,0.125,-1.0625,-0.0625,83,0.07165176
2024/01/28 14:43:45.567,722,33.0625,0.125,-1.0625,-0.0625,83,0.07165176
2024/01/28 14:43:46.252,684,33.0625,0.09375,-1.0625,-0.0625,87,0.06845756
2024/01/28 14:43:46.951,699,33.0625,0.125,-1.0625,-0.03125,85,0.07028399
2024/01/28 14:43:47.667,716,33.0625,0.125,-1.0625,-0.0625,83,0.07165176
2024/01/28 14:43:48.371,704,33.0625,0.125,-1.0625,-0.0625,85,0.07165176
2024/01/28 14:43:49.079,705,33.0625,0.09375,-1.03125,-0.0625,85,0.03738704
2024/01/28 14:43:49.763,682,33.0625,0.125,-1.0625,-0.03125,87,0.07028399
2024/01/28 14:43:50.459,694,33.0625,0.125,-1.03125,-0.03125,86,0.03926807
2024/01/28 14:43:51.182,720,33.0625,0.125,-1.0625,-0.0625,83,0.07165176
2024/01/28 14:43:51.907,723,33.125,0.09375,-1.0625,-0.0625,82,0.06845756
2024/01/28 14:43:52.650,741,33.125,0.125,-1.0625,-0.0625,80,0.07165176
2024/01/28 14:43:53.365,719,33.125,0.125,-1.0625,-0.0625,83,0.07165176
2024/01/28 14:43:54.043,683,33.125,0.125,-1.0625,-0.0625,87,0.07165176
2024/01/28 14:43:54.757,719,33.125,0.125,-1.0625,-0.0625,83,0.07165176
2024/01/28 14:43:55.482,722,33.125,0.125,-1.0625,-0.0625,83,0.07165176
2024/01/28 14:43:56.227,741,33.125,0.125,-1.0625,-0.0625,80,0.07165176
2024/01/28 14:43:56.956,725,33.125,0.125,-1.0625,-0.0625,82,0.07165176
2024/01/28 14:43:57.652,701,33.125,0.125,-1.0625,-0.0625,85,0.07165176
2024/01/28 14:43:58.366,718,33.125,0.125,-1.0625,-0.0625,83,0.07165176
2024/01/28 14:43:59.085,723,33.125,0.125,-1.0625,-0.0625,82,0.07165176
2024/01/28 14:43:59.806,721,33.125,0.125,-1.0625,-0.0625,83,0.07165176
2024/01/28 14:44:00.526,719,33.125,0.125,-1.0625,-0.0625,83,0.07165176
2024/01/28 14:44:01.212,685,33.125,0.125,-1.0625,-0.0625,87,0.07165176
2024/01/28 14:44:01.893,676,33.125,0.125,-1.0625,-0.03125,88,0.07028399
2024/01/28 14:44:02.577,679,33.125,0.09375,-1.0625,-0.0625,88,0.06845756
2024/01/28 14:44:03.267,685,33.125,0.125,-1.0625,-0.0625,87,0.07165176
2024/01/28 14:44:03.976,717,33.0625,0.09375,-1.0625,-0.0625,83,0.06845756
2024/01/28 14:44:04.692,723,33.0625,0.125,-1.0625,-0.0625,82,0.07165176
2024/01/28 14:44:05.403,718,33.0625,0.125,-1.0625,-0.0625,83,0.07165176
2024/01/28 14:44:06.095,684,33.0625,0.125,-1.0625,-0.0625,87,0.07165176
2024/01/28 14:44:06.820,718,33.0625,0.125,-1.0625,-0.0625,83,0.07165176
2024/01/28 14:44:07.514,687,33.0625,0.125,-1.0625,-0.0625,87,0.07165176
2024/01/28 14:44:08.209,700,33.1875,0.09375,-1.0625,-0.0625,85,0.06845756
2024/01/28 14:44:08.881,677,33.1875,0.125,-1.0625,-0.0625,88,0.07165176
2024/01/28 14:44:09.541,665,33.1875,0.125,-1.0625,-0.03125,90,0.07028399
2024/01/28 14:44:10.217,678,33.1875,0.125,-1.0625,-0.03125,88,0.07028399
2024/01/28 14:44:10.918,702,33.1875,0.125,-1.0625,-0.0625,85,0.07165176
2024/01/28 14:44:11.636,719,33.1875,0.125,-1.0625,-0.03125,83,0.07028399
2024/01/28 14:44:12.339,702,33.125,0.125,-1.0625,-0.03125,85,0.07028399
2024/01/28 14:44:13.025,685,33.125,0.125,-1.0625,-0.0625,87,0.07165176
2024/01/28 14:44:13.724,698,33.125,0.125,-1.0625,-0.0625,85,0.07165176
2024/01/28 14:44:14.443,720,33.125,0.125,-1.0625,-0.0625,83,0.07165176
2024/01/28 14:44:15.180,738,33.125,0.125,-1.09375,-0.0625,81,0.1026424
2024/01/28 14:44:15.901,722,33.1875,0.125,-1.0625,-0.0625,83,0.07165176
2024/01/28 14:44:16.582,682,33.1875,0.09375,-1.0625,-0.03125,87,0.06708569
2024/01/28 14:44:17.282,700,33.1875,0.125,-1.0625,-0.0625,85,0.07165176
2024/01/28 14:44:17.987,705,33.1875,0.125,-1.0625,-0.0625,85,0.07165176
2024/01/28 14:44:18.706,718,33.1875,0.125,-1.0625,-0.0625,83,0.07165176
2024/01/28 14:44:19.412,706,33.1875,0.125,-1.03125,-0.0625,84,0.04067661
2024/01/28 14:44:20.093,681,33.125,0.125,-1.03125,-0.0625,88,0.04067661
2024/01/28 14:44:20.768,676,33.125,0.125,-1.0625,-0.0625,88,0.07165176
2024/01/28 14:44:21.449,681,33.125,0.125,-1.0625,-0.0625,88,0.07165176
2024/01/28 14:44:22.139,690,33.125,0.125,-1.0625,-0.0625,86,0.07165176
2024/01/28 14:44:22.840,700,33.125,0.125,-1.0625,-0.0625,85,0.07165176
2024/01/28 14:44:23.537,697,33.125,0.125,-1.0625,-0.0625,86,0.07165176
2024/01/28 14:44:24.236,699,33.125,0.125,-1.0625,-0.0625,85,0.07165176
2024/01/28 14:44:24.900,664,33.125,0.125,-1.0625,-0.0625,90,0.07165176
2024/01/28 14:44:25.585,685,33.125,0.125,-1.0625,-0.0625,87,0.07165176
2024/01/28 14:44:26.283,698,33.125,0.125,-1.03125,-0.0625,85,0.04067661
2024/01/28 14:44:27.001,717,33.125,0.125,-1.0625,-0.0625,83,0.07165176
2024/01/28 14:44:27.685,684,33.125,0.125,-1.0625,-0.03125,87,0.07028399
2024/01/28 14:44:28.365,680,33.125,0.125,-1.0625,-0.03125,88,0.07028399
2024/01/28 14:44:29.025,663,33.125,0.125,-1.0625,-0.03125,90,0.07028399
2024/01/28 14:44:29.703,680,33.125,0.125,-1.0625,-0.0625,88,0.07165176
2024/01/28 14:44:30.387,686,33.125,0.09375,-1.0625,-0.0625,87,0.06845756
2024/01/28 14:44:31.070,681,33.125,0.125,-1.0625,-0.03125,88,0.07028399
2024/01/28 14:44:31.750,679,33.125,0.125,-1.0625,-0.0625,88,0.07165176
2024/01/28 14:44:32.429,678,33.125,0.125,-1.0625,-0.03125,88,0.07028399
2024/01/28 14:44:33.113,683,33.125,0.125,-1.0625,-0.0625,87,0.07165176
2024/01/28 14:44:33.821,706,33.125,0.125,-1.0625,-0.0625,84,0.07165176
2024/01/28 14:44:34.541,718,33.125,0.125,-1.0625,-0.0625,83,0.07165176
2024/01/28 14:44:35.239,700,33.125,0.125,-1.0625,-0.0625,85,0.07165176
2024/01/28 14:44:35.917,679,33.1875,0.125,-1.0625,-0.0625,88,0.07165176
2024/01/28 14:44:36.596,680,33.1875,0.125,-1.0625,-0.0625,88,0.07165176
2024/01/28 14:44:37.286,689,33.1875,0.125,-1.0625,-0.0625,87,0.07165176
2024/01/28 14:44:37.985,698,33.1875,0.125,-1.03125,-0.0625,85,0.04067661
2024/01/28 14:44:38.685,699,33.1875,0.125,-1.03125,-0.0625,85,0.04067661
2024/01/28 14:44:39.351,667,33.1875,0.09375,-1.0625,-0.09375,89,0.07074011
2024/01/28 14:44:40.024,673,33.125,0.125,-1.0625,-0.03125,89,0.07028399
2024/01/28 14:44:40.692,668,33.125,0.125,-1.0625,-0.0625,89,0.07165176
2024/01/28 14:44:41.387,695,33.125,0.125,-1.0625,-0.0625,86,0.07165176
2024/01/28 14:44:42.074,687,33.125,0.125,-1.0625,-0.0625,87,0.07165176
2024/01/28 14:44:42.749,675,33.125,0.125,-1.0625,-0.03125,88,0.07028399
2024/01/28 14:44:43.411,663,33.125,0.125,-1.0625,-0.0625,90,0.07165176
2024/01/28 14:44:44.109,698,33.1875,0.125,-1.0625,-0.0625,85,0.07165176
2024/01/28 14:44:44.811,702,33.1875,0.125,-1.0625,-0.0625,85,0.07165176
2024/01/28 14:44:45.517,705,33.1875,0.125,-1.0625,-0.0625,85,0.07165176
2024/01/28 14:44:46.216,699,33.1875,0.125,-1.0625,-0.0625,85,0.07165176
2024/01/28 14:44:46.893,677,33.1875,0.125,-1.0625,-0.0625,88,0.07165176
2024/01/28 14:44:47.574,683,33.1875,0.125,-1.0625,-0.0625,87,0.07165176
2024/01/28 14:44:48.271,698,33.1875,0.125,-1.0625,-0.0625,85,0.07165176
2024/01/28 14:44:48.955,685,33.1875,0.09375,-1.0625,-0.0625,87,0.06845756
2024/01/28 14:44:49.632,677,33.1875,0.125,-1.0625,-0.0625,88,0.07165176
2024/01/28 14:44:50.293,662,33.1875,0.125,-1.0625,-0.03125,90,0.07028399
2024/01/28 14:44:50.957,665,33.1875,0.125,-1.0625,-0.03125,90,0.07028399
2024/01/28 14:44:51.650,693,33.1875,0.125,-1.0625,-0.0625,86,0.07165176
2024/01/28 14:44:52.339,688,33.1875,0.09375,-1.0625,-0.0625,87,0.06845756
2024/01/28 14:44:53.037,697,33.1875,0.125,-1.0625,-0.0625,86,0.07165176
2024/01/28 14:44:53.714,679,33.1875,0.125,-1.0625,-0.03125,88,0.07028399
2024/01/28 14:44:54.391,678,33.1875,0.125,-1.0625,-0.03125,88,0.07028399
2024/01/28 14:44:55.076,686,33.1875,0.125,-1.0625,-0.0625,87,0.07165176
2024/01/28 14:44:55.777,700,33.1875,0.125,-1.0625,-0.0625,85,0.07165176
2024/01/28 14:44:56.479,701,33.1875,0.125,-1.0625,-0.0625,85,0.07165176
2024/01/28 14:44:57.156,676,33.1875,0.125,-1.0625,-0.0625,88,0.07165176
2024/01/28 14:44:57.819,662,33.1875,0.125,-1.0625,-0.0625,90,0.07165176
2024/01/28 14:44:58.497,677,33.1875,0.125,-1.0625,-0.03125,88,0.07028399
2024/01/28 14:44:59.180,682,33.1875,0.125,-1.0625,-0.0625,87,0.07165176
2024/01/28 14:44:59.864,685,33.1875,0.125,-1.0625,-0.0625,87,0.07165176
2024/01/28 14:45:00.557,694,33.1875,0.125,-1.03125,-0.0625,86,0.04067661
2024/01/28 14:45:01.219,663,33.1875,0.125,-1.0625,-0.0625,90,0.07165176
2024/01/28 14:45:01.917,697,33.1875,0.09375,-1.0625,-0.03125,86,0.06708569
2024/01/28 14:45:02.602,685,33.1875,0.125,-1.0625,-0.0625,87,0.07165176
2024/01/28 14:45:03.299,697,33.1875,0.125,-1.0625,-0.03125,86,0.07028399
2024/01/28 14:45:03.979,680,33.1875,0.125,-1.0625,-0.0625,88,0.07165176
2024/01/28 14:45:04.637,659,33.1875,0.125,-1.0625,-0.0625,91,0.07165176
2024/01/28 14:45:05.301,665,33.1875,0.125,-1.0625,-0.03125,90,0.07028399
2024/01/28 14:45:05.994,693,33.1875,0.125,-1.0625,-0.0625,86,0.07165176
2024/01/28 14:45:06.695,700,33.1875,0.125,-1.0625,-0.0625,85,0.07165176
2024/01/28 14:45:07.396,700,33.1875,0.125,-1.0625,-0.0625,85,0.07165176
2024/01/28 14:45:08.074,679,33.1875,0.125,-1.0625,-0.03125,88,0.07028399
2024/01/28 14:45:08.736,663,33.1875,0.125,-1.0625,-0.0625,90,0.07165176
2024/01/28 14:45:09.419,684,33.1875,0.125,-1.0625,-0.0625,87,0.07165176
2024/01/28 14:45:10.117,697,33.1875,0.125,-1.09375,-0.0625,86,0.1026424
2024/01/28 14:45:10.818,701,33.1875,0.125,-1.0625,-0.0625,85,0.07165176
2024/01/28 14:45:11.500,682,33.1875,0.125,-1.0625,-0.0625,87,0.07165176
2024/01/28 14:45:12.159,658,33.1875,0.09375,-1.0625,-0.0625,91,0.06845756
2024/01/28 14:45:12.818,658,33.1875,0.125,-1.0625,-0.03125,91,0.07028399
2024/01/28 14:45:13.493,674,33.1875,0.125,-1.0625,-0.0625,89,0.07165176
2024/01/28 14:45:14.169,679,33.1875,0.125,-1.0625,-0.0625,88,0.07165176
2024/01/28 14:45:14.848,681,33.1875,0.125,-1.0625,-0.0625,88,0.07165176
2024/01/28 14:45:15.507,661,33.1875,0.125,-1.0625,-0.0625,90,0.07165176
2024/01/28 14:45:16.150,639,33.25,0.125,-1.0625,-0.0625,93,0.07165176
2024/01/28 14:45:16.776,623,33.25,0.125,-1.0625,-0.03125,96,0.07028399
2024/01/28 14:45:17.412,633,33.25,0.125,-1.0625,-0.0625,94,0.07165176
2024/01/28 14:45:18.016,606,33.25,0.125,-1.0625,-0.03125,99,0.07028399
2024/01/28 14:45:18.631,617,33.25,0.125,-1.0625,-0.0625,97,0.07165176
2024/01/28 14:45:19.252,623,33.25,0.09375,-1.0625,-0.0625,96,0.06845756
2024/01/28 14:45:19.908,656,33.25,0.125,-1.0625,-0.0625,91,0.07165176
2024/01/28 14:45:20.592,684,33.25,0.125,-1.0625,-0.0625,87,0.07165176
2024/01/28 14:45:21.283,691,33.25,0.125,-1.0625,-0.0625,86,0.07165176
2024/01/28 14:45:21.949,666,33.25,0.125,-1.0625,-0.03125,90,0.07028399
2024/01/28 14:45:22.605,657,33.25,0.125,-1.0625,-0.0625,91,0.07165176
2024/01/28 14:45:23.260,656,33.25,0.09375,-1.0625,-0.0625,91,0.06845756
2024/01/28 14:45:23.924,664,33.25,0.125,-1.0625,-0.0625,90,0.07165176
2024/01/28 14:45:24.617,693,33.25,0.125,-1.03125,-0.0625,86,0.04067661
2024/01/28 14:45:25.317,700,33.25,0.125,-1.03125,-0.0625,85,0.04067661
2024/01/28 14:45:26.016,700,33.25,0.125,-1.0625,-0.03125,85,0.07028399
2024/01/28 14:45:26.678,662,33.25,0.125,-1.0625,-0.0625,90,0.07165176
2024/01/28 14:45:27.341,663,33.25,0.125,-1.0625,-0.0625,90,0.07165176
2024/01/28 14:45:28.034,693,33.25,0.125,-1.0625,-0.0625,86,0.07165176
2024/01/28 14:45:28.739,704,33.25,0.125,-1.0625,-0.0625,85,0.07165176
2024/01/28 14:45:29.476,736,33.25,0.125,-1.0625,-0.0625,81,0.07165176
2024/01/28 14:45:30.198,721,33.25,0.09375,-1.0625,-0.0625,83,0.06845756
2024/01/28 14:45:30.898,699,33.25,0.125,-1.0625,-0.0625,85,0.07165176
2024/01/28 14:45:31.595,696,33.25,0.125,-1.0625,-0.03125,86,0.07028399
2024/01/28 14:45:32.313,719,33.1875,0.125,-1.0625,-0.0625,83,0.07165176
2024/01/28 14:45:33.035,724,33.1875,0.125,-1.0625,-0.0625,82,0.07165176
2024/01/28 14:45:33.787,754,33.1875,0.125,-1.0625,-0.0625,79,0.07165176
2024/01/28 14:45:34.525,738,33.1875,0.125,-1.0625,-0.0625,81,0.07165176
2024/01/28 14:45:35.210,686,33.1875,0.125,-1.0625,-0.03125,87,0.07028399
2024/01/28 14:45:35.883,674,33.25,0.125,-1.0625,-0.03125,89,0.07028399
2024/01/28 14:45:36.562,679,33.25,0.125,-1.0625,-0.03125,88,0.07028399
2024/01/28 14:45:37.259,698,33.25,0.125,-1.0625,-0.0625,85,0.07165176
2024/01/28 14:45:37.963,705,33.25,0.125,-1.0625,-0.0625,85,0.07165176
2024/01/28 14:45:38.662,698,33.25,0.125,-1.03125,-0.03125,85,0.03926807
2024/01/28 14:45:39.343,681,33.25,0.125,-1.0625,-0.0625,88,0.07165176
2024/01/28 14:45:40.036,693,33.25,0.125,-1.03125,-0.03125,86,0.03926807
2024/01/28 14:45:40.758,722,33.25,0.125,-1.0625,-0.0625,83,0.07165176
2024/01/28 14:45:41.492,734,33.25,0.125,-1.0625,-0.0625,81,0.07165176
2024/01/28 14:45:42.212,720,33.25,0.125,-1.0625,-0.0625,83,0.07165176
2024/01/28 14:45:42.897,684,33.25,0.125,-1.0625,-0.0625,87,0.07165176
2024/01/28 14:45:43.593,695,33.25,0.125,-1.0625,-0.03125,86,0.07028399
2024/01/28 14:45:44.293,699,33.25,0.125,-1.0625,-0.0625,85,0.07165176
2024/01/28 14:45:45.009,716,33.25,0.125,-1.0625,-0.0625,83,0.07165176
2024/01/28 14:45:45.690,680,33.25,0.125,-1.0625,-0.0625,88,0.07165176
2024/01/28 14:45:46.349,658,33.25,0.125,-1.0625,-0.03125,91,0.07028399
2024/01/28 14:45:46.988,641,33.25,0.125,-1.0625,-0.03125,93,0.07028399
2024/01/28 14:45:47.645,658,33.25,0.125,-1.0625,-0.03125,91,0.07028399
2024/01/28 14:45:48.308,664,33.25,0.125,-1.0625,-0.0625,90,0.07165176
2024/01/28 14:45:48.983,675,33.25,0.125,-1.0625,-0.0625,88,0.07165176
2024/01/28 14:45:49.627,644,33.25,0.125,-1.0625,-0.0625,93,0.07165176
2024/01/28 14:45:50.283,656,33.25,0.125,-1.0625,-0.03125,91,0.07028399
2024/01/28 14:45:50.945,661,33.25,0.125,-1.0625,-0.0625,90,0.07165176
2024/01/28 14:45:51.639,694,33.25,0.125,-1.0625,-0.0625,86,0.07165176
2024/01/28 14:45:52.341,702,33.25,0.125,-1.0625,-0.0625,85,0.07165176
2024/01/28 14:45:53.044,698,33.25,0.125,-1.0625,-0.0625,85,0.07165176
2024/01/28 14:45:53.727,677,33.25,0.125,-1.0625,-0.0625,88,0.07165176
2024/01/28 14:45:54.395,662,33.25,0.125,-1.0625,-0.03125,90,0.07028399
2024/01/28 14:45:55.068,678,33.25,0.125,-1.0625,-0.0625,88,0.07165176
2024/01/28 14:45:55.740,677,33.25,0.125,-1.0625,-0.0625,88,0.07165176
2024/01/28 14:45:56.395,660,33.25,0.125,-1.03125,-0.0625,90,0.04067661
2024/01/28 14:45:57.037,641,33.25,0.125,-1.0625,-0.0625,93,0.07165176
2024/01/28 14:45:57.677,640,33.25,0.125,-1.03125,-0.0625,93,0.04067661
2024/01/28 14:45:58.316,639,33.25,0.125,-1.0625,-0.0625,93,0.07165176
2024/01/28 14:45:58.970,655,33.25,0.125,-1.0625,-0.0625,91,0.07165176
2024/01/28 14:45:59.610,641,33.25,0.125,-1.0625,-0.0625,93,0.07165176
2024/01/28 14:46:00.252,643,33.1875,0.125,-1.0625,-0.0625,93,0.07165176
2024/01/28 14:46:00.906,654,33.1875,0.125,-1.0625,-0.0625,91,0.07165176
2024/01/28 14:46:01.564,658,33.1875,0.125,-1.0625,-0.03125,91,0.07028399
2024/01/28 14:46:02.227,663,33.1875,0.125,-1.03125,-0.0625,90,0.04067661
2024/01/28 14:46:02.905,679,33.1875,0.125,-1.0625,-0.0625,88,0.07165176
2024/01/28 14:46:03.560,657,33.1875,0.125,-1.0625,-0.0625,91,0.07165176
2024/01/28 14:46:04.203,645,33.25,0.125,-1.0625,-0.03125,93,0.07028399
2024/01/28 14:46:04.856,652,33.25,0.125,-1.0625,-0.0625,92,0.07165176
2024/01/28 14:46:05.499,643,33.25,0.125,-1.0625,-0.0625,93,0.07165176
2024/01/28 14:46:06.140,641,33.25,0.125,-1.0625,-0.0625,93,0.07165176
2024/01/28 14:46:06.779,638,33.25,0.125,-1.0625,-0.0625,94,0.07165176
2024/01/28 14:46:07.414,634,33.25,0.125,-1.0625,-0.03125,94,0.07028399
2024/01/28 14:46:08.020,605,33.25,0.125,-1.0625,-0.09375,99,0.07392752
2024/01/28 14:46:08.635,615,33.25,0.125,-1.0625,-0.0625,97,0.07165176
2024/01/28 14:46:09.237,602,33.25,0.125,-1.0625,-0.0625,99,0.07165176
2024/01/28 14:46:09.851,614,33.25,0.125,-1.0625,-0.0625,97,0.07165176
2024/01/28 14:46:10.472,619,33.25,0.125,-1.0625,-0.0625,96,0.07165176
2024/01/28 14:46:11.112,639,33.25,0.09375,-1.0625,-0.0625,93,0.06845756
2024/01/28 14:46:11.757,644,33.25,0.125,-1.0625,-0.0625,93,0.07165176
2024/01/28 14:46:12.395,639,33.25,0.125,-1.0625,-0.0625,93,0.07165176
2024/01/28 14:46:13.031,636,33.25,0.125,-1.0625,-0.0625,94,0.07165176
2024/01/28 14:46:13.653,622,33.25,0.125,-1.0625,-0.0625,96,0.07165176
2024/01/28 14:46:14.283,633,33.25,0.125,-1.0625,-0.0625,94,0.07165176
2024/01/28 14:46:14.905,624,33.25,0.125,-1.0625,-0.0625,96,0.07165176
2024/01/28 14:46:15.539,636,33.25,0.125,-1.0625,-0.0625,94,0.07165176
2024/01/28 14:46:16.180,640,33.25,0.09375,-1.0625,-0.0625,93,0.06845756
2024/01/28 14:46:16.804,624,33.25,0.125,-1.0625,-0.0625,96,0.07165176
2024/01/28 14:46:17.420,616,33.25,0.09375,-1.0625,-0.0625,97,0.06845756
2024/01/28 14:46:18.037,614,33.25,0.125,-1.0625,-0.03125,97,0.07028399
2024/01/28 14:46:18.641,601,33.25,0.125,-1.0625,-0.03125,99,0.07028399
2024/01/28 14:46:19.227,583,33.25,0.125,-1.0625,-0.0625,102,0.07165176
2024/01/28 14:46:19.821,596,33.25,0.125,-1.0625,-0.0625,100,0.07165176
2024/01/28 14:46:20.422,604,33.25,0.125,-1.0625,-0.0625,99,0.07165176
2024/01/28 14:46:21.091,672,33.25,0.125,-1.0625,-0.0625,89,0.07165176
2024/01/28 14:46:21.796,703,33.25,0.125,-1.0625,-0.0625,85,0.07165176
2024/01/28 14:46:22.517,720,33.25,0.125,-1.0625,-0.0625,83,0.07165176
2024/01/28 14:46:23.195,677,33.25,0.125,-1.0625,-0.0625,88,0.07165176
2024/01/28 14:46:23.873,678,33.25,0.125,-1.0625,-0.0625,88,0.07165176
2024/01/28 14:46:24.550,678,33.25,0.125,-1.0625,-0.03125,88,0.07028399
2024/01/28 14:46:25.253,704,33.25,0.125,-1.0625,-0.03125,85,0.07028399
2024/01/28 14:46:25.970,718,33.25,0.125,-1.03125,-0.0625,83,0.04067661
2024/01/28 14:46:26.686,716,33.25,0.125,-1.0625,-0.0625,83,0.07165176
2024/01/28 14:46:27.363,677,33.25,0.125,-1.0625,-0.0625,88,0.07165176
2024/01/28 14:46:28.012,647,33.3125,0.125,-1.03125,-0.0625,92,0.04067661
2024/01/28 14:46:28.669,656,33.3125,0.125,-1.0625,-0.0625,91,0.07165176
2024/01/28 14:46:29.333,663,33.3125,0.125,-1.03125,-0.0625,90,0.04067661
2024/01/28 14:46:30.022,691,33.3125,0.125,-1.0625,-0.0625,86,0.07165176
2024/01/28 14:46:30.722,701,33.3125,0.125,-1.03125,-0.0625,85,0.04067661
2024/01/28 14:46:31.420,699,33.3125,0.125,-1.0625,-0.0625,85,0.07165176
2024/01/28 14:46:32.083,662,33.3125,0.125,-1.0625,-0.0625,90,0.07165176
2024/01/28 14:46:32.785,701,33.3125,0.125,-1.0625,-0.0625,85,0.07165176
2024/01/28 14:46:33.501,715,33.3125,0.125,-1.0625,-0.03125,83,0.07028399
2024/01/28 14:46:34.223,724,33.3125,0.125,-1.0625,-0.03125,82,0.07028399
2024/01/28 14:46:34.921,699,33.3125,0.125,-1.0625,-0.0625,85,0.07165176
2024/01/28 14:46:35.597,677,33.3125,0.125,-1.0625,-0.03125,88,0.07028399
2024/01/28 14:46:36.271,676,33.3125,0.125,-1.03125,-0.0625,88,0.04067661
2024/01/28 14:46:36.972,702,33.3125,0.125,-1.03125,-0.0625,85,0.04067661
2024/01/28 14:46:37.675,704,33.3125,0.125,-1.0625,-0.0625,85,0.07165176
2024/01/28 14:46:38.375,695,33.3125,0.125,-1.0625,-0.0625,86,0.07165176
2024/01/28 14:46:39.055,676,33.3125,0.125,-1.0625,-0.03125,88,0.07028399
2024/01/28 14:46:39.725,666,33.3125,0.125,-1.0625,-0.0625,90,0.07165176
2024/01/28 14:46:40.417,696,33.3125,0.125,-1.0625,-0.0625,86,0.07165176
2024/01/28 14:46:41.136,722,33.3125,0.125,-1.0625,-0.0625,83,0.07165176
2024/01/28 14:46:41.852,719,33.3125,0.125,-1.0625,-0.0625,83,0.07165176
2024/01/28 14:46:42.548,696,33.3125,0.125,-1.0625,-0.03125,86,0.07028399
2024/01/28 14:46:43.210,662,33.3125,0.125,-1.0625,-0.03125,90,0.07028399
2024/01/28 14:46:43.883,673,33.25,0.125,-1.03125,-0.0625,89,0.04067661
2024/01/28 14:46:44.568,684,33.25,0.125,-1.0625,-0.0625,87,0.07165176
2024/01/28 14:46:45.266,698,33.25,0.09375,-1.0625,-0.0625,85,0.06845756
2024/01/28 14:46:45.980,714,33.25,0.125,-1.0625,-0.0625,84,0.07165176
2024/01/28 14:46:46.644,665,33.25,0.125,-1.03125,-0.03125,90,0.03926807
2024/01/28 14:46:47.317,674,33.25,0.125,-1.0625,-0.03125,89,0.07028399
2024/01/28 14:46:47.996,680,33.3125,0.125,-1.03125,-0.0625,88,0.04067661
2024/01/28 14:46:48.715,718,33.3125,0.125,-1.0625,-0.0625,83,0.07165176
2024/01/28 14:46:49.459,743,33.3125,0.125,-1.0625,-0.0625,80,0.07165176
2024/01/28 14:46:50.236,776,33.3125,0.125,-1.0625,-0.0625,77,0.07165176
2024/01/28 14:46:50.953,717,33.3125,0.09375,-1.0625,-0.0625,83,0.06845756
2024/01/28 14:46:51.637,684,33.3125,0.125,-1.0625,-0.0625,87,0.07165176
2024/01/28 14:46:52.331,694,33.3125,0.125,-1.0625,-0.0625,86,0.07165176
2024/01/28 14:46:53.036,706,33.3125,0.09375,-1.0625,-0.0625,84,0.06845756
2024/01/28 14:46:53.746,712,33.3125,0.09375,-1.0625,-0.0625,84,0.06845756
2024/01/28 14:46:54.467,723,33.3125,0.125,-1.0625,-0.0625,82,0.07165176
2024/01/28 14:46:55.151,682,33.3125,0.125,-1.0625,-0.0625,87,0.07165176
2024/01/28 14:46:55.829,677,33.3125,0.125,-1.03125,-0.0625,88,0.04067661
2024/01/28 14:46:56.525,695,33.3125,0.125,-1.0625,-0.0625,86,0.07165176
2024/01/28 14:46:57.224,701,33.3125,0.125,-1.0625,-0.0625,85,0.07165176
2024/01/28 14:46:57.922,699,33.3125,0.09375,-1.0625,-0.0625,85,0.06845756
2024/01/28 14:46:58.597,676,33.3125,0.125,-1.0625,-0.0625,88,0.07165176
2024/01/28 14:46:59.259,663,33.3125,0.125,-1.0625,-0.03125,90,0.07028399
2024/01/28 14:46:59.937,678,33.3125,0.125,-1.0625,-0.0625,88,0.07165176
2024/01/28 14:47:00.636,699,33.3125,0.125,-1.0625,-0.09375,85,0.07392752
2024/01/28 14:47:01.340,702,33.3125,0.09375,-1.0625,-0.0625,85,0.06845756
2024/01/28 14:47:02.058,716,33.3125,0.125,-1.0625,-0.0625,83,0.07165176
2024/01/28 14:47:02.739,679,33.3125,0.125,-1.0625,-0.0625,88,0.07165176
2024/01/28 14:47:03.403,666,33.3125,0.125,-1.0625,-0.03125,90,0.07028399
2024/01/28 14:47:04.079,679,33.375,0.125,-1.03125,-0.0625,88,0.04067661
2024/01/28 14:47:04.771,695,33.375,0.125,-1.0625,-0.0625,86,0.07165176
2024/01/28 14:47:05.452,679,33.375,0.125,-1.0625,-0.0625,88,0.07165176
2024/01/28 14:47:06.113,660,33.375,0.125,-1.0625,-0.0625,90,0.07165176
2024/01/28 14:47:06.773,659,33.375,0.09375,-1.0625,-0.0625,91,0.06845756
2024/01/28 14:47:07.437,664,33.375,0.125,-1.0625,-0.0625,90,0.07165176
2024/01/28 14:47:08.134,696,33.3125,0.125,-1.0625,-0.0625,86,0.07165176
2024/01/28 14:47:08.821,686,33.3125,0.09375,-1.0625,-0.0625,87,0.06845756
2024/01/28 14:47:09.532,713,33.3125,0.09375,-1.0625,-0.0625,84,0.06845756
2024/01/28 14:47:10.196,665,33.3125,0.125,-1.0625,-0.0625,90,0.07165176
2024/01/28 14:47:10.869,674,33.3125,0.125,-1.03125,-0.03125,89,0.03926807
2024/01/28 14:47:11.536,666,33.3125,0.125,-1.0625,-0.0625,90,0.07165176
2024/01/28 14:47:12.231,693,33.375,0.125,-1.0625,-0.0625,86,0.07165176
2024/01/28 14:47:12.916,683,33.375,0.125,-1.0625,-0.0625,87,0.07165176
2024/01/28 14:47:13.592,678,33.375,0.125,-1.0625,-0.03125,88,0.07028399
2024/01/28 14:47:14.250,660,33.375,0.125,-1.0625,-0.03125,90,0.07028399
2024/01/28 14:47:14.909,661,33.375,0.125,-1.0625,-0.0625,90,0.07165176
2024/01/28 14:47:15.573,663,33.375,0.125,-1.0625,-0.0625,90,0.07165176
2024/01/28 14:47:16.257,682,33.3125,0.125,-1.0625,-0.0625,87,0.07165176
2024/01/28 14:47:16.933,674,33.3125,0.125,-1.0625,-0.0625,89,0.07165176
2024/01/28 14:47:17.574,644,33.3125,0.125,-1.0625,-0.0625,93,0.07165176
2024/01/28 14:47:18.227,655,33.3125,0.125,-1.0625,-0.0625,91,0.07165176
2024/01/28 14:47:18.867,642,33.3125,0.125,-1.0625,-0.0625,93,0.07165176
2024/01/28 14:47:19.527,657,33.3125,0.09375,-1.0625,-0.0625,91,0.06845756
2024/01/28 14:47:20.189,660,33.3125,0.09375,-1.0625,-0.0625,90,0.06845756
2024/01/28 14:47:20.837,646,33.3125,0.125,-1.03125,-0.0625,92,0.04067661
2024/01/28 14:47:21.491,657,33.3125,0.125,-1.0625,-0.0625,91,0.07165176
2024/01/28 14:47:22.187,698,33.3125,0.125,-1.0625,-0.0625,85,0.07165176
2024/01/28 14:47:22.891,706,33.3125,0.125,-1.0625,-0.0625,84,0.07165176
2024/01/28 14:47:23.628,734,33.3125,0.125,-1.0625,-0.0625,81,0.07165176
2024/01/28 14:47:24.311,681,33.375,0.125,-1.0625,-0.0625,88,0.07165176
2024/01/28 14:47:24.979,666,33.375,0.125,-1.0625,-0.0625,90,0.07165176
2024/01/28 14:47:25.659,681,33.375,0.125,-1.0625,-0.0625,88,0.07165176
2024/01/28 14:47:26.371,714,33.375,0.125,-1.0625,-0.0625,84,0.07165176
2024/01/28 14:47:27.075,706,33.375,0.09375,-1.0625,-0.0625,84,0.06845756
2024/01/28 14:47:27.792,717,33.375,0.125,-1.0625,-0.0625,83,0.07165176
2024/01/28 14:47:28.454,663,33.25,0.125,-1.0625,-0.0625,90,0.07165176
2024/01/28 14:47:29.115,662,33.25,0.125,-1.0625,-0.0625,90,0.07165176
2024/01/28 14:47:29.792,676,33.25,0.09375,-1.0625,-0.0625,88,0.06845756
2024/01/28 14:47:30.510,718,33.25,0.125,-1.0625,-0.0625,83,0.07165176
2024/01/28 14:47:31.253,743,33.25,0.125,-1.0625,-0.0625,80,0.07165176
2024/01/28 14:47:31.994,739,33.3125,0.09375,-1.0625,-0.0625,81,0.06845756
2024/01/28 14:47:32.716,719,33.3125,0.125,-1.0625,-0.0625,83,0.07165176
2024/01/28 14:47:33.420,701,33.3125,0.125,-1.0625,-0.0625,85,0.07165176
2024/01/28 14:47:34.143,725,33.3125,0.125,-1.0625,-0.0625,82,0.07165176
2024/01/28 14:47:34.896,755,33.3125,0.125,-1.0625,-0.0625,79,0.07165176
2024/01/28 14:47:35.620,726,33.3125,0.09375,-1.0625,-0.0625,82,0.06845756
2024/01/28 14:47:36.354,734,33.375,0.125,-1.0625,-0.0625,81,0.07165176
2024/01/28 14:47:37.036,682,33.375,0.125,-1.0625,-0.0625,87,0.07165176
2024/01/28 14:47:37.715,679,33.375,0.125,-1.03125,-0.0625,88,0.04067661
2024/01/28 14:47:38.377,661,33.375,0.125,-1.0625,-0.0625,90,0.07165176
2024/01/28 14:47:39.041,664,33.375,0.125,-1.0625,-0.0625,90,0.07165176
2024/01/28 14:47:39.741,700,33.375,0.09375,-1.0625,-0.0625,85,0.06845756
2024/01/28 14:47:40.437,696,33.375,0.125,-1.0625,-0.0625,86,0.07165176
2024/01/28 14:47:41.103,665,33.375,0.125,-1.0625,-0.0625,90,0.07165176
2024/01/28 14:47:41.765,661,33.375,0.125,-1.0625,-0.0625,90,0.07165176
2024/01/28 14:47:42.422,659,33.375,0.125,-1.0625,-0.0625,91,0.07165176
2024/01/28 14:47:43.118,697,33.375,0.125,-1.0625,-0.0625,86,0.07165176
2024/01/28 14:47:43.803,686,33.375,0.09375,-1.0625,-0.0625,87,0.06845756
2024/01/28 14:47:44.525,721,33.375,0.125,-1.0625,-0.0625,83,0.07165176
2024/01/28 14:47:45.239,714,33.375,0.125,-1.0625,-0.0625,84,0.07165176
2024/01/28 14:47:45.901,662,33.375,0.125,-1.0625,-0.03125,90,0.07028399
2024/01/28 14:47:46.563,662,33.375,0.125,-1.0625,-0.03125,90,0.07028399
2024/01/28 14:47:47.247,683,33.375,0.125,-1.0625,-0.0625,87,0.07165176
2024/01/28 14:47:47.925,677,33.375,0.125,-1.0625,-0.0625,88,0.07165176
2024/01/28 14:47:48.606,683,33.375,0.125,-1.0625,-0.0625,87,0.07165176
2024/01/28 14:47:49.266,661,33.375,0.125,-1.0625,-0.0625,90,0.07165176
2024/01/28 14:47:49.925,660,33.375,0.125,-1.0625,-0.03125,90,0.07028399
2024/01/28 14:47:50.582,657,33.375,0.125,-1.03125,-0.0625,91,0.04067661
2024/01/28 14:47:51.246,663,33.375,0.125,-1.0625,-0.0625,90,0.07165176
2024/01/28 14:47:51.948,701,33.375,0.125,-1.0625,-0.0625,85,0.07165176
2024/01/28 14:47:52.666,718,33.375,0.125,-1.0625,-0.0625,83,0.07165176
2024/01/28 14:47:53.367,701,33.375,0.09375,-1.0625,-0.0625,85,0.06845756
2024/01/28 14:47:54.029,662,33.375,0.125,-1.0625,-0.0625,90,0.07165176
2024/01/28 14:47:54.707,678,33.375,0.125,-1.0625,-0.0625,88,0.07165176
2024/01/28 14:47:55.388,680,33.375,0.125,-1.0625,-0.0625,88,0.07165176
2024/01/28 14:47:56.077,688,33.375,0.125,-1.0625,-0.0625,87,0.07165176
2024/01/28 14:47:56.788,713,33.375,0.125,-1.0625,-0.0625,84,0.07165176
2024/01/28 14:47:57.470,683,33.375,0.125,-1.0625,-0.03125,87,0.07028399
2024/01/28 14:47:58.148,679,33.375,0.125,-1.0625,-0.0625,88,0.07165176
2024/01/28 14:47:58.810,662,33.375,0.125,-1.0625,-0.0625,90,0.07165176
2024/01/28 14:47:59.474,664,33.375,0.125,-1.0625,-0.0625,90,0.07165176
2024/01/28 14:48:00.156,682,33.3125,0.125,-1.09375,-0.0625,87,0.1026424
2024/01/28 14:48:00.856,701,33.3125,0.125,-1.0625,-0.0625,85,0.07165176
2024/01/28 14:48:01.570,715,33.3125,0.125,-1.0625,-0.0625,83,0.07165176
2024/01/28 14:48:02.251,682,33.3125,0.09375,-1.0625,-0.0625,87,0.06845756
2024/01/28 14:48:02.918,665,33.3125,0.125,-1.03125,-0.03125,90,0.03926807
2024/01/28 14:48:03.595,676,33.3125,0.125,-1.0625,-0.0625,88,0.07165176
2024/01/28 14:48:04.301,705,33.375,0.125,-1.0625,-0.0625,85,0.07165176
2024/01/28 14:48:05.019,718,33.375,0.125,-1.0625,-0.03125,83,0.07028399
2024/01/28 14:48:05.761,741,33.375,0.09375,-1.0625,-0.0625,80,0.06845756
2024/01/28 14:48:06.445,683,33.375,0.125,-1.0625,-0.0625,87,0.07165176
2024/01/28 14:48:07.125,678,33.375,0.125,-1.0625,-0.0625,88,0.07165176
2024/01/28 14:48:07.794,666,33.375,0.125,-1.0625,-0.03125,90,0.07028399
2024/01/28 14:48:08.490,693,33.375,0.125,-1.0625,-0.0625,86,0.07165176
2024/01/28 14:48:09.173,688,33.375,0.125,-1.0625,-0.0625,87,0.07165176
2024/01/28 14:48:09.868,700,33.375,0.125,-1.0625,-0.0625,85,0.07165176
2024/01/28 14:48:10.539,676,33.375,0.125,-1.0625,-0.03125,88,0.07028399
2024/01/28 14:48:11.202,660,33.375,0.125,-1.0625,-0.03125,90,0.07028399
2024/01/28 14:48:11.867,663,33.375,0.125,-1.0625,-0.03125,90,0.07028399
2024/01/28 14:48:12.589,720,33.375,0.125,-1.0625,-0.0625,83,0.07165176
2024/01/28 14:48:13.306,720,33.375,0.125,-1.0625,-0.0625,83,0.07165176
2024/01/28 14:48:14.004,700,33.375,0.125,-1.0625,-0.03125,85,0.07028399
2024/01/28 14:48:14.685,683,33.375,0.125,-1.0625,-0.03125,87,0.07028399
2024/01/28 14:48:15.383,697,33.375,0.125,-1.0625,-0.0625,86,0.07165176
2024/01/28 14:48:16.105,720,33.3125,0.09375,-1.0625,-0.0625,83,0.06845756
2024/01/28 14:48:16.828,721,33.3125,0.125,-1.0625,-0.0625,83,0.07165176
2024/01/28 14:48:17.548,721,33.3125,0.125,-1.0625,-0.0625,83,0.07165176
2024/01/28 14:48:18.229,682,33.3125,0.125,-1.0625,-0.0625,87,0.07165176
2024/01/28 14:48:18.891,663,33.3125,0.125,-1.0625,-0.0625,90,0.07165176
2024/01/28 14:48:19.555,662,33.3125,0.125,-1.0625,-0.0625,90,0.07165176
2024/01/28 14:48:20.232,676,33.4375,0.125,-1.0625,-0.0625,88,0.07165176
2024/01/28 14:48:20.933,700,33.4375,0.125,-1.0625,-0.0625,85,0.07165176
2024/01/28 14:48:21.636,703,33.4375,0.125,-1.0625,-0.0625,85,0.07165176
2024/01/28 14:48:22.339,702,33.4375,0.125,-1.0625,-0.0625,85,0.07165176
2024/01/28 14:48:23.020,680,33.4375,0.125,-1.0625,-0.03125,88,0.07028399
2024/01/28 14:48:23.697,680,33.4375,0.125,-1.0625,-0.0625,88,0.07165176
2024/01/28 14:48:24.396,702,33.375,0.125,-1.0625,-0.03125,85,0.07028399
2024/01/28 14:48:25.116,723,33.375,0.125,-1.0625,-0.0625,82,0.07165176
2024/01/28 14:48:25.855,737,33.375,0.125,-1.0625,-0.09375,81,0.07392752
2024/01/28 14:48:26.559,702,33.375,0.125,-1.0625,-0.0625,85,0.07165176
2024/01/28 14:48:27.244,683,33.375,0.125,-1.03125,-0.03125,87,0.03926807
2024/01/28 14:48:27.939,697,33.375,0.125,-1.0625,-0.03125,86,0.07028399
2024/01/28 14:48:28.658,721,33.375,0.125,-1.0625,-0.0625,83,0.07165176
2024/01/28 14:48:29.380,724,33.375,0.09375,-1.0625,-0.0625,82,0.06845756
2024/01/28 14:48:30.098,717,33.375,0.125,-1.0625,-0.0625,83,0.07165176
2024/01/28 14:48:30.766,667,33.375,0.125,-1.0625,-0.0625,89,0.07165176
2024/01/28 14:48:31.443,676,33.375,0.125,-1.0625,-0.0625,88,0.07165176
2024/01/28 14:48:32.125,682,33.375,0.125,-1.0625,-0.0625,87,0.07165176
2024/01/28 14:48:32.803,679,33.375,0.125,-1.0625,-0.0625,88,0.07165176
2024/01/28 14:48:33.483,681,33.375,0.125,-1.0625,-0.0625,88,0.07165176
2024/01/28 14:48:34.147,662,33.375,0.125,-1.03125,-0.0625,90,0.04067661
2024/01/28 14:48:34.811,663,33.375,0.125,-1.03125,-0.03125,90,0.03926807
2024/01/28 14:48:35.492,680,33.375,0.125,-1.0625,-0.0625,88,0.07165176
2024/01/28 14:48:36.193,703,33.4375,0.09375,-1.0625,-0.0625,85,0.06845756
2024/01/28 14:48:36.910,719,33.4375,0.125,-1.0625,-0.03125,83,0.07028399
2024/01/28 14:48:37.611,703,33.4375,0.125,-1.0625,-0.0625,85,0.07165176
2024/01/28 14:48:38.292,680,33.4375,0.125,-1.0625,-0.03125,88,0.07028399
2024/01/28 14:48:38.991,699,33.4375,0.125,-1.0625,-0.0625,85,0.07165176
2024/01/28 14:48:39.669,678,33.4375,0.09375,-1.0625,-0.09375,88,0.07074011
2024/01/28 14:48:40.333,663,33.375,0.125,-1.0625,-0.0625,90,0.07165176
2024/01/28 14:48:40.993,658,33.375,0.125,-1.0625,-0.0625,91,0.07165176
2024/01/28 14:48:41.636,641,33.375,0.125,-1.0625,-0.03125,93,0.07028399
2024/01/28 14:48:42.279,644,33.375,0.125,-1.0625,-0.0625,93,0.07165176
2024/01/28 14:48:42.941,663,33.375,0.125,-1.0625,-0.0625,90,0.07165176
2024/01/28 14:48:43.620,680,33.375,0.125,-1.0625,-0.0625,88,0.07165176
2024/01/28 14:48:44.299,679,33.4375,0.125,-1.0625,-0.0625,88,0.07165176
2024/01/28 14:48:44.956,657,33.4375,0.09375,-1.0625,-0.0625,91,0.06845756
2024/01/28 14:48:45.597,641,33.4375,0.125,-1.0625,-0.03125,93,0.07028399
